:START_ID(business_id),:END_ID(Ambience),:TYPE
Dy91wdWkwtI_qgjAIZ0Niw,divey,IN_AMBIENCE
_Oksx3ALgKLRVxeAR8l_qA,classy,IN_AMBIENCE
A_-Vv5oKZNqxsV69_7E2KQ,trendy,IN_AMBIENCE
A_-Vv5oKZNqxsV69_7E2KQ,classy,IN_AMBIENCE
A_-Vv5oKZNqxsV69_7E2KQ,casual,IN_AMBIENCE
5R6YO6K9PkthkTbXqV9slQ,casual,IN_AMBIENCE
5R6YO6K9PkthkTbXqV9slQ,classy,IN_AMBIENCE
iXemjTj5TOByT1-cNTSaDw,casual,IN_AMBIENCE
iXemjTj5TOByT1-cNTSaDw,classy,IN_AMBIENCE
5ODCsQbRdsFIWlypGF3iUw,trendy,IN_AMBIENCE
YdpDpp130fxiX2DUdQLSqg,classy,IN_AMBIENCE
EROSyhoWNCUH53NrDrsHgQ,casual,IN_AMBIENCE
SkWaAf50KiN2m0zXfnAuiA,casual,IN_AMBIENCE
CKKY7kxtznKVzm9FBzAL4w,classy,IN_AMBIENCE
OlOVRlcEstxKK_6hMjy63A,casual,IN_AMBIENCE
o8JeOB8HTa5HYHg6hfqTHw,divey,IN_AMBIENCE
7Ld1DxAhSlGSateku0iqbg,classy,IN_AMBIENCE
7O7YHTUB3uqXHsQSLKR0SA,casual,IN_AMBIENCE
MZW_eTFYFBvHYg5OFqDRCA,casual,IN_AMBIENCE
yDiWYpuzRxcTgSi_O4JZpQ,classy,IN_AMBIENCE
yDiWYpuzRxcTgSi_O4JZpQ,casual,IN_AMBIENCE
ThZyytdc_kj2uBYFiSao-A,casual,IN_AMBIENCE
uoMWvXch6sWnI9FMsE_-Vg,casual,IN_AMBIENCE
LSxmfbgcZLdQ5ai2vf2nmA,casual,IN_AMBIENCE
psD0qpCK-iENFO9c8hmnkw,casual,IN_AMBIENCE
5RtAJPXFLTzwALIe1mtNuA,trendy,IN_AMBIENCE
5RtAJPXFLTzwALIe1mtNuA,casual,IN_AMBIENCE
mtowE4p6gOgyGrHAsMz-rg,casual,IN_AMBIENCE
oS70RVt-RegY3Ts0hLASQA,casual,IN_AMBIENCE
VMiDHHR-JHgB4ZoVluxpLQ,divey,IN_AMBIENCE
ixsljpxu56VCTtayIELqUg,casual,IN_AMBIENCE
OGbdvZAvSZ30l8sde9GSwQ,casual,IN_AMBIENCE
hFa7UxRZgJDQJ3UBhQsu9A,classy,IN_AMBIENCE
_BqPnypB6wPZRPbEqtKy6A,casual,IN_AMBIENCE
sKQ0KYon7eT6xEnCpb18aw,casual,IN_AMBIENCE
iCfB58Cvb_rw_SDAgPXLfA,casual,IN_AMBIENCE
citzbW-2MVEZRNBqpVO-Jw,casual,IN_AMBIENCE
jVJH1KfitQi87MYMh6vyMg,casual,IN_AMBIENCE
iJKOUYgigs4VYsWny6AtEA,casual,IN_AMBIENCE
W6S482dRQ_9nCcLjfv8VNg,casual,IN_AMBIENCE
1Ye_elsSB-XjKgWAHDwPbw,casual,IN_AMBIENCE
fLeD_h6uD4yEN2ciI08RiA,casual,IN_AMBIENCE
19fHbf0qzihtEtXQZ2ntww,classy,IN_AMBIENCE
Y4eaKcLP0hCIfvhknOT4uQ,casual,IN_AMBIENCE
oQcV39W4ApVURMAXd7qhzw,classy,IN_AMBIENCE
VHJBGikBqXpdc6mc7qtQ8g,casual,IN_AMBIENCE
fd_fNaeZxcZfUza3K6Be9w,casual,IN_AMBIENCE
4VGEq2AHUw3uP2L51S8raw,casual,IN_AMBIENCE
TUU1mt51yasYH0QYwzKTEg,casual,IN_AMBIENCE
G01vpgoEWyYxESzZEij5sA,casual,IN_AMBIENCE
koYe0Xt78lAigCvFRiCw8w,casual,IN_AMBIENCE
yn57lTycvUvogODsFEyWVQ,casual,IN_AMBIENCE
hrPLZ99KVPz_7yxZVfc9kA,casual,IN_AMBIENCE
E55sNGuWYTRlH3r6_5OlOg,intimate,IN_AMBIENCE
E55sNGuWYTRlH3r6_5OlOg,classy,IN_AMBIENCE
8vvMGaJ5biveUVE6-yTipQ,trendy,IN_AMBIENCE
sTvFxzQU_4bm-owSJXx0MQ,casual,IN_AMBIENCE
qFsh80AAL90tkOc0n98bqg,casual,IN_AMBIENCE
jpEhAUyitrgwDatsgeBgXg,casual,IN_AMBIENCE
shIAkjO9IFa4yTM5EENPTQ,casual,IN_AMBIENCE
h3DUMo4oWyVQ9ZfGar6vPg,upscale,IN_AMBIENCE
h3DUMo4oWyVQ9ZfGar6vPg,classy,IN_AMBIENCE
uyXVm7lhbR26t5Jy20VYPg,casual,IN_AMBIENCE
Nvy1jETQItFjG0oyjpGk7w,hipster,IN_AMBIENCE
Nvy1jETQItFjG0oyjpGk7w,trendy,IN_AMBIENCE
Nvy1jETQItFjG0oyjpGk7w,casual,IN_AMBIENCE
AjxhKYSbc1NrGOxAcqxb9w,casual,IN_AMBIENCE
52RFRa6UlbIxy8EnWJQpjg,casual,IN_AMBIENCE
_ju1BXAF5g5QtAFfZZKO1g,hipster,IN_AMBIENCE
IugPZVHmgdGvOmNVi07ueg,casual,IN_AMBIENCE
f4ykOH9Z-87b2l3Ea4HDPA,casual,IN_AMBIENCE
MIK2lBW3eFpPcy0vKxPS6w,casual,IN_AMBIENCE
sX_vxWQuZu_EA1bkCX95Yw,casual,IN_AMBIENCE
ucDPodtTLX7LHZnigGRa4Q,classy,IN_AMBIENCE
ucDPodtTLX7LHZnigGRa4Q,casual,IN_AMBIENCE
LwXkXDdsu1yWWcWAbt2fYw,casual,IN_AMBIENCE
Cv4QFI1gGGrgRSVnMU0qug,casual,IN_AMBIENCE
Il3GDb6A7rGSYdt89Wb0Fw,casual,IN_AMBIENCE
QpQ8CxC14jnNOdb7B2R6zQ,casual,IN_AMBIENCE
CZ2KPQtt0ah0up00YK0Ypg,casual,IN_AMBIENCE
081vVr80-uscqGGaFAxKfQ,classy,IN_AMBIENCE
081vVr80-uscqGGaFAxKfQ,casual,IN_AMBIENCE
1DCPuF0_VZNLRvHEAVJJng,casual,IN_AMBIENCE
UXJEQycac7JKyyTVDjWBdA,casual,IN_AMBIENCE
hBmWWvU6BSL6i_eYapOFGQ,casual,IN_AMBIENCE
G1M1OJmxp5dPY3rRYpl5WQ,casual,IN_AMBIENCE
w0RHRKHj9g2G3H5LcrOiKw,trendy,IN_AMBIENCE
w0RHRKHj9g2G3H5LcrOiKw,casual,IN_AMBIENCE
ujUb29BOYcUyhMcnqo4bWA,casual,IN_AMBIENCE
Vy9VN70aRpIe4yEo55VrWQ,casual,IN_AMBIENCE
ULrDH5eEndkbALvYEBhrHw,casual,IN_AMBIENCE
-ShzgoeH2nvGG_TlNfMz2w,casual,IN_AMBIENCE
t1KiSVmxADW1LaxA2Wtj9g,casual,IN_AMBIENCE
QfaobFtkXhyTirLQLkV82w,casual,IN_AMBIENCE
gfIj5FvIejEiex4WV04wIQ,casual,IN_AMBIENCE
Pn9_MnhoLrMFdW3AZDORMQ,casual,IN_AMBIENCE
OJUTu1PAPjljZBwtI5DUdg,classy,IN_AMBIENCE
W_M-QaSW2y2JfUDRfOZ4-Q,casual,IN_AMBIENCE
OEMBtqjWgHvLOCIjhY_7eA,divey,IN_AMBIENCE
zj8HThbzTWvXl7-Dw0_nsQ,casual,IN_AMBIENCE
zz0l4dUf28wzPAaTdGqsSw,divey,IN_AMBIENCE
SYcdJP123caYVCkZ27BIOw,casual,IN_AMBIENCE
mskYyOH-xVyBlBn9OLqu4Q,classy,IN_AMBIENCE
mskYyOH-xVyBlBn9OLqu4Q,casual,IN_AMBIENCE
3P-5sAQoAyKcoO5e4paG7Q,casual,IN_AMBIENCE
AVYuQ6DTqpqsB141r3lH4w,casual,IN_AMBIENCE
qljraKzqFlIONICsRtzSnw,casual,IN_AMBIENCE
5Vp6Pz3AVcqbyDj1ynKOTA,casual,IN_AMBIENCE
tuKYmeiSkAURPQnRDCLBxg,casual,IN_AMBIENCE
wkO1a_i1Mzpd-0sbiLa7EA,casual,IN_AMBIENCE
PtVJoVOcsll8TP2HnArLsw,classy,IN_AMBIENCE
ijJLd8VHB-vPLWmHyyELYQ,casual,IN_AMBIENCE
Co47eJ287hxR-9iqhnswcw,intimate,IN_AMBIENCE
Co47eJ287hxR-9iqhnswcw,trendy,IN_AMBIENCE
Co47eJ287hxR-9iqhnswcw,casual,IN_AMBIENCE
DNvMHI_X3PEi9vTmMHO0Yg,casual,IN_AMBIENCE
nNKZXzq3kT71E6R3JX9RPg,casual,IN_AMBIENCE
VlzexKYF6St7-N4tAoGBqg,casual,IN_AMBIENCE
7VrD6atyAIOPJAEdAvsA1g,casual,IN_AMBIENCE
HBuQAJvypwNerylr03XqQg,casual,IN_AMBIENCE
gAiAwgSFAzT2yFXyL6dVcg,casual,IN_AMBIENCE
b9cdwGoH4oetEYA5b1YpDw,casual,IN_AMBIENCE
5vNalmeJRlPQR0HGfyCq7A,casual,IN_AMBIENCE
pWIO8FCZqnPxTwt7lURk8w,casual,IN_AMBIENCE
YCfMNP_1YCTXTKlrnw44vQ,casual,IN_AMBIENCE
JEpsrFGIH4ixJJ4q2yUb_A,casual,IN_AMBIENCE
pvwdXO69MQKeAEFwcISnFA,casual,IN_AMBIENCE
IZMHmGH1NbULyreLPx3t9A,trendy,IN_AMBIENCE
IZMHmGH1NbULyreLPx3t9A,classy,IN_AMBIENCE
Qpyp_qwSCxb6a0PsLcJnwA,classy,IN_AMBIENCE
01ikDdFTvc2-YXeyv-YXjg,casual,IN_AMBIENCE
Z4S1pssoLucE1DT7aervXQ,casual,IN_AMBIENCE
K6SQfxBapNAIVr_C73ohlw,casual,IN_AMBIENCE
zVagjsscMqU6ztrFvv6hOg,classy,IN_AMBIENCE
PMv1-zywWOnHcmvcnB30HQ,classy,IN_AMBIENCE
PMv1-zywWOnHcmvcnB30HQ,casual,IN_AMBIENCE
SWrUyOkijbZPp6If7UMzjw,casual,IN_AMBIENCE
5L918sNOVHcCJKZ7RWATBw,casual,IN_AMBIENCE
RubysERTZxfYrkkzgYOlXg,casual,IN_AMBIENCE
CLUKvU_lTOcCQi6_24lzOg,classy,IN_AMBIENCE
CLUKvU_lTOcCQi6_24lzOg,casual,IN_AMBIENCE
r19qAeTxkc-aes2UVt9v5Q,classy,IN_AMBIENCE
r19qAeTxkc-aes2UVt9v5Q,trendy,IN_AMBIENCE
r19qAeTxkc-aes2UVt9v5Q,upscale,IN_AMBIENCE
R5yCU9dJnGcXw3voSB7pKg,trendy,IN_AMBIENCE
R5yCU9dJnGcXw3voSB7pKg,casual,IN_AMBIENCE
Wy3s-xxiqZBg5Y1eSzI2DQ,casual,IN_AMBIENCE
b9bzEYHseU0ceo7-0XaXqg,trendy,IN_AMBIENCE
b9bzEYHseU0ceo7-0XaXqg,casual,IN_AMBIENCE
lm-KtpMuHoPVCkC7zpr_xg,casual,IN_AMBIENCE
i0Q1qSWUsyMJcbcTNJBtIw,casual,IN_AMBIENCE
YxRqBrepifOBU7KO4b4BDg,casual,IN_AMBIENCE
eZV80xPOehww63KQWdrviQ,casual,IN_AMBIENCE
lqMOJ_cVSvVU-lferJVPLg,casual,IN_AMBIENCE
4To3eljiM2DlF-D7Fih8iQ,classy,IN_AMBIENCE
yTVTy75PHthgHH1ZcGVbZg,casual,IN_AMBIENCE
TlaXeIvS_0yQhjWTLHCLSA,casual,IN_AMBIENCE
lwJllJ5e4CLHdliOPEfgGg,trendy,IN_AMBIENCE
lwJllJ5e4CLHdliOPEfgGg,classy,IN_AMBIENCE
lwJllJ5e4CLHdliOPEfgGg,casual,IN_AMBIENCE
Wj2Rb6wGmejjYuZgRpNuNw,casual,IN_AMBIENCE
DZUZbsr-a_59zjjPY8rGKQ,trendy,IN_AMBIENCE
DZUZbsr-a_59zjjPY8rGKQ,casual,IN_AMBIENCE
3qRDGcBOcfFnEfAzVLO6oA,classy,IN_AMBIENCE
QqN7cWY8DerAsL7kW01UcQ,casual,IN_AMBIENCE
0MivygP7tD4AWbskqYmMuA,casual,IN_AMBIENCE
UI396ToWHWXcDmILMclWcg,intimate,IN_AMBIENCE
3N38Hwxvx2Azb2hyLb1vxA,classy,IN_AMBIENCE
3N38Hwxvx2Azb2hyLb1vxA,casual,IN_AMBIENCE
VcwdSsoGhQAwo7Th3MWBOw,divey,IN_AMBIENCE
j1e3-hZkEX-mnxuujdKQig,classy,IN_AMBIENCE
j1e3-hZkEX-mnxuujdKQig,casual,IN_AMBIENCE
UBX73ZWgCdgom4nv0UeGvg,classy,IN_AMBIENCE
UBX73ZWgCdgom4nv0UeGvg,casual,IN_AMBIENCE
-KugJyLmuTECAE121jsCkg,divey,IN_AMBIENCE
ZraQzfGJfnVMbMXZwOQ7Vg,casual,IN_AMBIENCE
VNf2NwMjjcYVBWGGMigTtA,casual,IN_AMBIENCE
J4Lj1Mag6ODDmP0kuRnEZw,intimate,IN_AMBIENCE
QgJv-WSd5IdYTYIaS_RRxQ,casual,IN_AMBIENCE
FjgPNVFrbL924rNUMm8nBg,intimate,IN_AMBIENCE
yK8LWJ4VRTYEoGxVYzcjQg,casual,IN_AMBIENCE
gtOVX8hGKKIryQs0lGPt3w,casual,IN_AMBIENCE
hFMud7XDefdWM1d-p1B2dQ,classy,IN_AMBIENCE
hFMud7XDefdWM1d-p1B2dQ,casual,IN_AMBIENCE
2-yrFS9sCxyKPfr6CnHmTw,casual,IN_AMBIENCE
Wbq1ioousibK88FRw3PlDA,casual,IN_AMBIENCE
0y5x2QxXdeHvs_m0hoO84Q,casual,IN_AMBIENCE
gemfdRJabGzAqfD1oLLC_A,casual,IN_AMBIENCE
0HzjYHjeL5GvGHMj9XjO5A,casual,IN_AMBIENCE
ylkgMTVWMvliW9x-XlbjvA,casual,IN_AMBIENCE
kvb0a9FiFs9UXWxE6q-5DA,casual,IN_AMBIENCE
-PTWFicakClBDK-zyQ5hjA,hipster,IN_AMBIENCE
-PTWFicakClBDK-zyQ5hjA,casual,IN_AMBIENCE
-PTWFicakClBDK-zyQ5hjA,trendy,IN_AMBIENCE
HQdoy8OpEuGKM_Op-ovHFQ,casual,IN_AMBIENCE
alM80dgR9izB_svltTw1Nw,casual,IN_AMBIENCE
YkL_44nF4_jUDm3cyq5SJw,divey,IN_AMBIENCE
X0lMkTXVs3PLcyKzQ6GTcw,casual,IN_AMBIENCE
qCVbvgYjJkdsrSN71Ra0Ew,classy,IN_AMBIENCE
hJ0QkeOdQ5y7MTmdR9NO1Q,casual,IN_AMBIENCE
hJ0QkeOdQ5y7MTmdR9NO1Q,romantic,IN_AMBIENCE
hJ0QkeOdQ5y7MTmdR9NO1Q,upscale,IN_AMBIENCE
T3zMecCY619BrWOg-fi7lA,casual,IN_AMBIENCE
aAPiZY_6_xb2qSMs0ABBpg,casual,IN_AMBIENCE
rwPdi2Ept5LcVYIRUjj53Q,casual,IN_AMBIENCE
BKVwN2btBPovpWis42Urlg,casual,IN_AMBIENCE
DZG3652AxmIUGmlF-hg3mw,casual,IN_AMBIENCE
qdKCj1XsTCgTql1iuPB5lg,casual,IN_AMBIENCE
qRB4CzTnQy6iOO4D1FT4kg,casual,IN_AMBIENCE
JCXcdCGpqIRXEGzhPukdsg,casual,IN_AMBIENCE
Y8iVXWq_C-U3POZ6yItw7Q,casual,IN_AMBIENCE
ElEbumta2ujV9PTx4OGbVw,classy,IN_AMBIENCE
gu4TEXWfC69ZVrKDsVPtKQ,casual,IN_AMBIENCE
FYOPKSHyRVYwqjNayJdIPA,casual,IN_AMBIENCE
-6eomXaFuOSKPsUbk2A3xQ,casual,IN_AMBIENCE
yFxxhrdtDfmNF4xcXeem8A,classy,IN_AMBIENCE
Qz6-OxFp9PhGwMZG5geqpw,classy,IN_AMBIENCE
Qz6-OxFp9PhGwMZG5geqpw,casual,IN_AMBIENCE
9pPK-EhpT9jkC7WXdtDM-w,casual,IN_AMBIENCE
iWyYWFXrOvyoxIvUPf8OuA,casual,IN_AMBIENCE
P_nqb7lULOtx3pAJbKfFXA,casual,IN_AMBIENCE
sRJFxyCjZnmXuZLk6uKW6Q,casual,IN_AMBIENCE
mcmOeaoHlryrtogjd3tooQ,trendy,IN_AMBIENCE
xSaH011Ov02w-8sxr78M6Q,casual,IN_AMBIENCE
ZjwEfrsA2bztSk9SLrPqPA,casual,IN_AMBIENCE
KzGXMHnlrknUhEjNyD8yZQ,casual,IN_AMBIENCE
bbm5_njEZyw68E7UUY0xgQ,casual,IN_AMBIENCE
4lVR4qfWaX-wn1v4EakF8A,casual,IN_AMBIENCE
jJKvRg2tYr7qWP-VxdjCTQ,intimate,IN_AMBIENCE
jJKvRg2tYr7qWP-VxdjCTQ,classy,IN_AMBIENCE
leaEzQ7Uz_7NID4vpx9RCQ,casual,IN_AMBIENCE
vVLLNrqhvrkVXfIIW9Etag,casual,IN_AMBIENCE
Wz687hCcjVyHTCP-jd6U_Q,casual,IN_AMBIENCE
imCIha88DmlxaWpXScRkZw,trendy,IN_AMBIENCE
imCIha88DmlxaWpXScRkZw,casual,IN_AMBIENCE
0CeoONLXqseUxPdGerefOQ,casual,IN_AMBIENCE
DoHkrJJVPffu924i6MLtcg,casual,IN_AMBIENCE
j7LZM6rf4Bf33exo6XXKGA,casual,IN_AMBIENCE
71UVaCN8AtyovlqoS0Hixg,casual,IN_AMBIENCE
bn0XzKxBRBWvnHUMg5cz6g,casual,IN_AMBIENCE
7NZ8Uq7Xtx4i7MR--1IjNA,casual,IN_AMBIENCE
R36Rhjk95Jh70scUravEQw,classy,IN_AMBIENCE
R36Rhjk95Jh70scUravEQw,casual,IN_AMBIENCE
L7wxBug8MF-Ag-u43DkQpg,casual,IN_AMBIENCE
DCJefHxEStVHnX8acaq0xA,casual,IN_AMBIENCE
jwp7_9S5IslgXnA7udfkYQ,casual,IN_AMBIENCE
mnyk_gnb60vFB2o6Y8c2Gw,casual,IN_AMBIENCE
N8NB7lMryKMMf6SJUvzYVQ,casual,IN_AMBIENCE
pOCjLcWQskQjRPi6zdLvAw,classy,IN_AMBIENCE
OwBgQo86CL2GmGX0OIUEEw,casual,IN_AMBIENCE
SwDn4LYC7uzQMmIz8RMBBg,classy,IN_AMBIENCE
SwDn4LYC7uzQMmIz8RMBBg,casual,IN_AMBIENCE
leBpyQruds138tREAfRvzA,casual,IN_AMBIENCE
n7XtDJQVnxb1UzPPzlOlHQ,classy,IN_AMBIENCE
n7XtDJQVnxb1UzPPzlOlHQ,casual,IN_AMBIENCE
ikqbPYXQNLIvfz0kymBnJA,casual,IN_AMBIENCE
r3dO-D1qFn4Jct7KDNvImg,hipster,IN_AMBIENCE
r3dO-D1qFn4Jct7KDNvImg,casual,IN_AMBIENCE
vLiXVP1WHdilv13s5SnnQQ,classy,IN_AMBIENCE
R1NlqZdqYbs-KXLPXROS-w,casual,IN_AMBIENCE
5xIcqp5q-6mw1FKaKpRCxw,classy,IN_AMBIENCE
2b-txFFWmKKq4AL-pnIxZg,casual,IN_AMBIENCE
l0qTrHzfkquC144PkJh4Rw,casual,IN_AMBIENCE
xHWi7ZQ0zlRoKWlfnmhOYA,casual,IN_AMBIENCE
Y9EfIbXryZVWA3IVx86bAw,casual,IN_AMBIENCE
5oEyGDeqeXeMfFXZdevtFg,casual,IN_AMBIENCE
RO1LyRwH2eZT_eNUN0dC3w,classy,IN_AMBIENCE
RO1LyRwH2eZT_eNUN0dC3w,casual,IN_AMBIENCE
rugDoz-A6vL-FG-8PbvOag,classy,IN_AMBIENCE
eBo_ZnzWshp5Myx7ugbMhw,casual,IN_AMBIENCE
YSJ2WaubNxMCnlNsZfIQbQ,casual,IN_AMBIENCE
Lb5Gi0VnxwtFXk3sMTSMcQ,casual,IN_AMBIENCE
IzUXCIMWeocK1fJHdrgJgA,casual,IN_AMBIENCE
LZquQqjVqoWFhVUqfLxUKw,casual,IN_AMBIENCE
m5fKuw8ZMfYjJLtcISCORg,casual,IN_AMBIENCE
51Fo_uY52A5oaI8YTHU5yg,hipster,IN_AMBIENCE
51Fo_uY52A5oaI8YTHU5yg,trendy,IN_AMBIENCE
51Fo_uY52A5oaI8YTHU5yg,classy,IN_AMBIENCE
51Fo_uY52A5oaI8YTHU5yg,casual,IN_AMBIENCE
L3CwFF0JhicaxVfWzzrEAA,casual,IN_AMBIENCE
Qx6IaAjbIECWWaRuqjYMfw,casual,IN_AMBIENCE
K3ZZua4ab6YLhPqZ_DEDlw,casual,IN_AMBIENCE
cbimTBHAiibDpq8O6mP4VQ,intimate,IN_AMBIENCE
cbimTBHAiibDpq8O6mP4VQ,casual,IN_AMBIENCE
5QPZY59iu3a0C-jWsZR8ow,casual,IN_AMBIENCE
QOMipQ_Xd2ISvO0MvAS_xQ,casual,IN_AMBIENCE
s-0tlWRv3QQnFEzs5CytRw,casual,IN_AMBIENCE
qC8Whdafj7-DQ29b7Rlcdw,casual,IN_AMBIENCE
59RdMsr5iXwZnD_qlnPskw,classy,IN_AMBIENCE
lM5TtwwucIPIzEPeDqDaEw,casual,IN_AMBIENCE
I99hAdRjOW31DfHW6MUqwg,casual,IN_AMBIENCE
2UPOe4CTsy57JyBWCjNWbQ,classy,IN_AMBIENCE
2UPOe4CTsy57JyBWCjNWbQ,casual,IN_AMBIENCE
IHO1oAX0PrEQo5VYuipX7g,intimate,IN_AMBIENCE
IHO1oAX0PrEQo5VYuipX7g,classy,IN_AMBIENCE
LOYex5JW6KuH_4t332wzsQ,casual,IN_AMBIENCE
4hWPnJWr1pJYOcI0CGrzWg,upscale,IN_AMBIENCE
4hWPnJWr1pJYOcI0CGrzWg,classy,IN_AMBIENCE
BJxoz5d_Z45JasgZ7o-5_g,hipster,IN_AMBIENCE
BJxoz5d_Z45JasgZ7o-5_g,trendy,IN_AMBIENCE
BJxoz5d_Z45JasgZ7o-5_g,casual,IN_AMBIENCE
DB36BjmWWPkWqESu9tjIaQ,casual,IN_AMBIENCE
MHCH84BAFfYXyY-NujHG7Q,classy,IN_AMBIENCE
u6J-aO61VRmS7NKeBzrSjQ,classy,IN_AMBIENCE
u6J-aO61VRmS7NKeBzrSjQ,casual,IN_AMBIENCE
gkZ6iiEfnO7I2UzOHbkzrA,trendy,IN_AMBIENCE
CFBnmxqAm4vX6v4BFye70w,classy,IN_AMBIENCE
y_ErDiWeXxyYcL1_U966qQ,casual,IN_AMBIENCE
LI1pBFuAuen2hD2a5rilug,classy,IN_AMBIENCE
BHTpjNMdeja_cg9pRnRBOA,casual,IN_AMBIENCE
CQgXWdtFDfshGMVpWqE15A,casual,IN_AMBIENCE
sL_JrM7Llw5arZh0-JxZ2g,casual,IN_AMBIENCE
zfZvIjyu_hsnrnDcUZuBqQ,casual,IN_AMBIENCE
Ds8E5RPjm2UHUemXJVTs3w,classy,IN_AMBIENCE
_-pljHy_NUTTdd4dQBL-Yg,casual,IN_AMBIENCE
h0jLNrV28BX3AC6yHaN2Kw,casual,IN_AMBIENCE
dRFSMj5Q3lro4UDeN6oCQg,classy,IN_AMBIENCE
dRFSMj5Q3lro4UDeN6oCQg,casual,IN_AMBIENCE
LWIXucbDnKfXt1se2wtqLQ,casual,IN_AMBIENCE
8nio_7eFGbCSLhiLwbWvdA,divey,IN_AMBIENCE
8nio_7eFGbCSLhiLwbWvdA,casual,IN_AMBIENCE
evrQGHs_lC_fmEniotaX8A,casual,IN_AMBIENCE
evrQGHs_lC_fmEniotaX8A,trendy,IN_AMBIENCE
evrQGHs_lC_fmEniotaX8A,classy,IN_AMBIENCE
i6-HSvdSaNy-Sr4FXiM9YA,casual,IN_AMBIENCE
86Zz4Bysrm6GIBpci955wQ,casual,IN_AMBIENCE
FnI_J_T63I3Py7GnnmDaWA,casual,IN_AMBIENCE
FnI_J_T63I3Py7GnnmDaWA,trendy,IN_AMBIENCE
msp4nQ9YPzSA7d6fVbSrAA,casual,IN_AMBIENCE
ryqbpGS2tPKo2d9DkEdf4Q,casual,IN_AMBIENCE
LsMs0NL9jBukdsPqTP-sOA,casual,IN_AMBIENCE
qOFcDjpUw5oeV7LIdDAubg,classy,IN_AMBIENCE
cemvFp_hGI_6ev5_pd9Lew,casual,IN_AMBIENCE
-jtTmbqX3jeMs4z693SO4w,classy,IN_AMBIENCE
9XzPqLGIkuN1rmqWH7aP9A,classy,IN_AMBIENCE
9XzPqLGIkuN1rmqWH7aP9A,casual,IN_AMBIENCE
fqyKLWyaBHAz8I-FhEsruQ,casual,IN_AMBIENCE
7soL3w71DCyyoC9XKLODkw,casual,IN_AMBIENCE
bOsKg2PXQeSjTPWYNFnKxw,divey,IN_AMBIENCE
nGcfY8qVamkNIW7emQlfSQ,casual,IN_AMBIENCE
_6BiItGONFUlzOYEYBMFkA,trendy,IN_AMBIENCE
_6BiItGONFUlzOYEYBMFkA,casual,IN_AMBIENCE
yEHnyZkYPROFuSf8jDfVVA,casual,IN_AMBIENCE
13l05k8AeGBJOIp5H4wlIA,casual,IN_AMBIENCE
Ct_g_xmNh1wvpfTD-QLI8Q,casual,IN_AMBIENCE
8zSe71yhFMeydp1UKJrEEg,casual,IN_AMBIENCE
trkKocO5llb_3z54Q01q9w,casual,IN_AMBIENCE
TPYRKrXsdUfOUQNFm6w_3w,casual,IN_AMBIENCE
S6ACtNZ5wY0EjmK07iWUgg,classy,IN_AMBIENCE
S6ACtNZ5wY0EjmK07iWUgg,casual,IN_AMBIENCE
CUHE082XLb3X-vKsnFp4aQ,casual,IN_AMBIENCE
Wbqv9rUtbNanq-hhegOYsg,romantic,IN_AMBIENCE
Wbqv9rUtbNanq-hhegOYsg,trendy,IN_AMBIENCE
Wbqv9rUtbNanq-hhegOYsg,classy,IN_AMBIENCE
GLdfpx0O93HoIJfHonV-JQ,classy,IN_AMBIENCE
GLdfpx0O93HoIJfHonV-JQ,casual,IN_AMBIENCE
UGRRI0KG9S8WI-oWTaPaHA,casual,IN_AMBIENCE
iGJ6-XgJrOkEgm-ahmS4sA,divey,IN_AMBIENCE
ht70fX_P9ufTqDxIjtbwpA,hipster,IN_AMBIENCE
ht70fX_P9ufTqDxIjtbwpA,casual,IN_AMBIENCE
VkHexf3mBy-8hu2vsSVd4g,casual,IN_AMBIENCE
VkHexf3mBy-8hu2vsSVd4g,trendy,IN_AMBIENCE
e4GIbSFHess2qAopZNzxMQ,casual,IN_AMBIENCE
B61ZWIX1AEl76A2WEdDZMw,casual,IN_AMBIENCE
mNKL1JPiN2zBrUmIgTM56A,trendy,IN_AMBIENCE
mNKL1JPiN2zBrUmIgTM56A,classy,IN_AMBIENCE
_-OXe_vQnPRZp7-JBqXmbA,casual,IN_AMBIENCE
vkffDkvbUwkgEXoBbCAXng,casual,IN_AMBIENCE
z_MefzpYwQkxXorCdQTUjw,trendy,IN_AMBIENCE
z_MefzpYwQkxXorCdQTUjw,casual,IN_AMBIENCE
luUGLqA3Gxv5raCJOAzblw,trendy,IN_AMBIENCE
luUGLqA3Gxv5raCJOAzblw,classy,IN_AMBIENCE
zgSZxYaCI0wcMTR0Dxd7oQ,divey,IN_AMBIENCE
zgSZxYaCI0wcMTR0Dxd7oQ,casual,IN_AMBIENCE
V291Oax3fUUxUzXnOpOqCQ,casual,IN_AMBIENCE
Iud8PGRJx53S4zpBVC2pSQ,classy,IN_AMBIENCE
L7r4uOZT58z1Vv-rGlSZBg,casual,IN_AMBIENCE
kehm5RaeTwFNT43jfm7BSQ,classy,IN_AMBIENCE
kehm5RaeTwFNT43jfm7BSQ,casual,IN_AMBIENCE
9tXwyr5Yqu4WnuCLOUPtrQ,casual,IN_AMBIENCE
IiWJAgqRZnccukTwi_YjvQ,casual,IN_AMBIENCE
ssCzAwPICd79FWhkqdpgBg,casual,IN_AMBIENCE
-VbtijUhH4xVP7cZbEo6-Q,casual,IN_AMBIENCE
XqOSW0xVG7796_l_5-ai1A,casual,IN_AMBIENCE
_6BDxk8486ZYiRwpPmQewg,casual,IN_AMBIENCE
s4sR4VUo5bzMcpXuiAj-EA,casual,IN_AMBIENCE
4sZVseAd2XZrSReEmBlMFQ,casual,IN_AMBIENCE
TqDErLK4t0TfSiFzxuocuQ,casual,IN_AMBIENCE
t33PAjYsxtFw--8NpLKfNg,classy,IN_AMBIENCE
t33PAjYsxtFw--8NpLKfNg,casual,IN_AMBIENCE
Lmb-iJGzBu_1W-dEvB3TBQ,romantic,IN_AMBIENCE
Lmb-iJGzBu_1W-dEvB3TBQ,classy,IN_AMBIENCE
CBDzS_gMn_-jO3_4XXVYeA,casual,IN_AMBIENCE
XmlF_2NbH65tDiSd2u2M5A,casual,IN_AMBIENCE
k2qArgJgsWWrtWT_r0rRlQ,casual,IN_AMBIENCE
srk9xvVrkXrEKUP-7oXAfQ,casual,IN_AMBIENCE
8o3w3Tu368WTFz45rMLvYQ,classy,IN_AMBIENCE
8o3w3Tu368WTFz45rMLvYQ,casual,IN_AMBIENCE
t13D7cAJSWtJj19uatqoXA,trendy,IN_AMBIENCE
4OX0hYoXnXB9ihtptZByug,trendy,IN_AMBIENCE
s_sEMaNkRtwjEFJfStaOgQ,classy,IN_AMBIENCE
s_sEMaNkRtwjEFJfStaOgQ,casual,IN_AMBIENCE
EP9K6qXOyHFq_0tp93wh9Q,casual,IN_AMBIENCE
EP9K6qXOyHFq_0tp93wh9Q,classy,IN_AMBIENCE
LGYzaCmNj3_FiG-r8U1-mw,classy,IN_AMBIENCE
wz_wBcvlHhLi6DGKi_MPOw,casual,IN_AMBIENCE
YCLI8aFvdM3uUE-MgrPJZQ,casual,IN_AMBIENCE
L-vZQuTZFNqjRdXdUnlurQ,trendy,IN_AMBIENCE
L-vZQuTZFNqjRdXdUnlurQ,casual,IN_AMBIENCE
gk3hzKydevLKZ2FVmJdt-A,casual,IN_AMBIENCE
jRbCgGm1cpIcBZf-vOhJvA,hipster,IN_AMBIENCE
jRbCgGm1cpIcBZf-vOhJvA,trendy,IN_AMBIENCE
jRbCgGm1cpIcBZf-vOhJvA,casual,IN_AMBIENCE
FQbLZ_N_VuinjfBFxzK3TQ,classy,IN_AMBIENCE
qJcmu67ZEQ4bd1m9Kh_T1w,casual,IN_AMBIENCE
MqJlz0N3ujhtZCWnJmOpZg,romantic,IN_AMBIENCE
MqJlz0N3ujhtZCWnJmOpZg,intimate,IN_AMBIENCE
MqJlz0N3ujhtZCWnJmOpZg,classy,IN_AMBIENCE
MqJlz0N3ujhtZCWnJmOpZg,casual,IN_AMBIENCE
47IVPsHZAA0soPvidEnNbw,casual,IN_AMBIENCE
LhQ_DPEESCNf-hy-GrrMdQ,casual,IN_AMBIENCE
PADyvVwZoY8waIraBOrN7g,casual,IN_AMBIENCE
1lOOo2L-Q9jvJAs-nN9dlQ,romantic,IN_AMBIENCE
JXXjN3mw4zKdBTpRtVQKcg,casual,IN_AMBIENCE
0wX-W6ljNl0qJVEaE3tEbQ,casual,IN_AMBIENCE
MsWmW4SkisV0uJIBxeNstA,casual,IN_AMBIENCE
_vpIEol9cEn3Y3KLpwbGkg,casual,IN_AMBIENCE
cg-5DuEk0AMzuILNx8FGtg,casual,IN_AMBIENCE
BnbHihkBM50Xq-uBy5bpcg,casual,IN_AMBIENCE
_CYSduKMEb9c_q2zX63dmQ,casual,IN_AMBIENCE
FzlicQyHeIbLGreKpfrOmw,casual,IN_AMBIENCE
UGHVZSx-t_bVeMfFE-MYwQ,casual,IN_AMBIENCE
jeL2UXjzEqjAj9hXhIdagg,trendy,IN_AMBIENCE
3lz2SeaByGnNHkqefOOw7g,classy,IN_AMBIENCE
3lz2SeaByGnNHkqefOOw7g,casual,IN_AMBIENCE
_GWFsg1dl--bf7SnnCH4zg,casual,IN_AMBIENCE
zJo7j03ZP32Ou3YdGh5fQg,casual,IN_AMBIENCE
zJo7j03ZP32Ou3YdGh5fQg,trendy,IN_AMBIENCE
23hSJ8QvSK0J7pcqXARrOA,casual,IN_AMBIENCE
jBgAnt-Espd14jxCshc1SQ,casual,IN_AMBIENCE
5RZPAro3mrnVVIQ9FESIyw,casual,IN_AMBIENCE
K0Cw8KXgF23sEji9TnfBkA,romantic,IN_AMBIENCE
K0Cw8KXgF23sEji9TnfBkA,classy,IN_AMBIENCE
byc92hBKz0DKvjcpl76LRQ,trendy,IN_AMBIENCE
byc92hBKz0DKvjcpl76LRQ,classy,IN_AMBIENCE
wzR95QhtA8xn7cLEfsQWmw,casual,IN_AMBIENCE
pIoIdh3M-RQ9ohTtgzGd9A,casual,IN_AMBIENCE
14V1okj0kDg2JU6ykdeKLw,casual,IN_AMBIENCE
9rqb7gBJPbsFuESZfVMaXQ,romantic,IN_AMBIENCE
9rqb7gBJPbsFuESZfVMaXQ,classy,IN_AMBIENCE
UQxzV_rY0rdbW9pPR2dsTg,casual,IN_AMBIENCE
lgxwrbvtz-Vqhc-oryi5qQ,classy,IN_AMBIENCE
YvkadIJ-G9OPpnCOSW2ISg,classy,IN_AMBIENCE
YvkadIJ-G9OPpnCOSW2ISg,casual,IN_AMBIENCE
bjZQ8Ql0QzlRW6GgdgIytw,casual,IN_AMBIENCE
yvVJxONMGqOzO1ouw77J3Q,hipster,IN_AMBIENCE
yvVJxONMGqOzO1ouw77J3Q,casual,IN_AMBIENCE
yvVJxONMGqOzO1ouw77J3Q,trendy,IN_AMBIENCE
u7bo1o8ry-fvb6PbvtZJzQ,casual,IN_AMBIENCE
BKlw_Ao7FK01I5j9w_EXwA,trendy,IN_AMBIENCE
a2NKecVY4wof4NGSc4hFXg,divey,IN_AMBIENCE
i92ouDpINZXfL5gov7I5Kw,casual,IN_AMBIENCE
oC43ya3FFAG256bEXyXm2g,classy,IN_AMBIENCE
oC43ya3FFAG256bEXyXm2g,casual,IN_AMBIENCE
RnF36ZCuwHxpoFXf2aXX1g,casual,IN_AMBIENCE
OQQEhFY3Nvb5_jkmcQQDyw,casual,IN_AMBIENCE
uSRW0_iRB_Ri_qO_fz9VjA,casual,IN_AMBIENCE
giGFpZkRy89cUzgTuyfNGA,casual,IN_AMBIENCE
9kRo0ULH--EDQwI69Shw-w,divey,IN_AMBIENCE
FN1sLS5hfMydZX94SYD1QA,casual,IN_AMBIENCE
riwJWxj4850tGBhRahDt7g,intimate,IN_AMBIENCE
riwJWxj4850tGBhRahDt7g,classy,IN_AMBIENCE
5c_jYz4IolgGdrJLabSTew,casual,IN_AMBIENCE
8hWGADp-m3NzX1-oSXPwPQ,classy,IN_AMBIENCE
NsTtjA9ZuJVr6pHApkOXsw,classy,IN_AMBIENCE
NsTtjA9ZuJVr6pHApkOXsw,casual,IN_AMBIENCE
T7pfUqFPaxJWLquFePSLcw,casual,IN_AMBIENCE
Uz4ezmjEr2SawQL3zRcoZQ,casual,IN_AMBIENCE
K32hC2muzKilZkUs9RJhcw,casual,IN_AMBIENCE
ojmk4fKI4_8ZqRggwlxUpw,divey,IN_AMBIENCE
tILA8ctsD_OZIcM2IfSyQA,casual,IN_AMBIENCE
ELgR35KIlpuTMeWi6tFP7g,trendy,IN_AMBIENCE
ifEkf8JxP3RCBeszcIGLww,casual,IN_AMBIENCE
VbzoVWEPSfzaIGBq4KlVwQ,classy,IN_AMBIENCE
VbzoVWEPSfzaIGBq4KlVwQ,casual,IN_AMBIENCE
z9i9Tym7T64lMDg70Ii9hw,casual,IN_AMBIENCE
Tr-8_aJ7VgywoRk3sMC4Ww,casual,IN_AMBIENCE
SRg4QRR7xQrZ6cp9u8VX9g,classy,IN_AMBIENCE
nTIbCcAYMRrzUm29h0dk8Q,casual,IN_AMBIENCE
XIBoAKSB52c3BYXnbLpgaA,trendy,IN_AMBIENCE
XIBoAKSB52c3BYXnbLpgaA,casual,IN_AMBIENCE
h9tUG_bLdX30YAED9q0Fsg,casual,IN_AMBIENCE
bS6aPaOR0X6OH4eFeEeUfw,classy,IN_AMBIENCE
f3qKagX8q2lnz1O6Ulck7w,casual,IN_AMBIENCE
iR5MI7ch9z3AYiqxBVLJLw,classy,IN_AMBIENCE
9zOydjYJlIqsnJYtWDNP-A,casual,IN_AMBIENCE
P9pwQW2d-M1YgYQH71K-qw,classy,IN_AMBIENCE
P9pwQW2d-M1YgYQH71K-qw,casual,IN_AMBIENCE
ZlOWflwsH8mMtyMlQgYWZw,intimate,IN_AMBIENCE
aAslC0l5mZB8oJNbld0byA,casual,IN_AMBIENCE
rDy9qZZEq-mbKExVQNTaqQ,classy,IN_AMBIENCE
rDy9qZZEq-mbKExVQNTaqQ,casual,IN_AMBIENCE
_95ZY2UZrasSfuoDD_E1YA,casual,IN_AMBIENCE
f5KbR9Ty05qgJvFbMm7fjA,intimate,IN_AMBIENCE
f5KbR9Ty05qgJvFbMm7fjA,classy,IN_AMBIENCE
