:START_ID,:END_ID,:TYPE
Mexican
Restaurants
Arts & Entertainment
Event Planning & Services
Italian
Gluten-Free
Nightlife
Lounges
Vegan
Bars
Caterers
Vegetarian
Pizza
Vietnamese
Asian Fusion
American (New)
Breakfast & Brunch
Thai
Middle Eastern
Japanese
Sushi Bars
Noodles
Food
Bakeries
Delis
Sandwiches
American (Traditional)
Breweries
Steakhouses
Seafood
Coffee & Tea
Fast Food
Burgers
Diners
Salad
Chicken Wings
Chicken Shop
Caribbean
Automotive
Convenience Stores
Gas Stations
Beer Bar
Cafes
Pubs
Brasseries
Cheesesteaks
Financial Services
Banks & Credit Unions
Indian
Soul Food
Southern
Dive Bars
Tex-Mex
Ethnic Food
Specialty Food
Fruits & Veggies
Chinese
Children's Clothing
Comfort Food
Fashion
Department Stores
Beauty & Spas
Women's Clothing
Men's Clothing
Cosmetics & Beauty Supply
Shopping
Filipino
Bagels
Laotian
Puerto Rican
Latin American
Car Dealers
Ice Cream & Frozen Yogurt
Meat Shops
Barbeque
Local Flavor
Sports Bars
Bubble Tea
New Mexican Cuisine
African
Buffets
Cocktail Bars
French
Juice Bars & Smoothies
Seafood Markets
Peruvian
Soup
Pakistani
Desserts
Wine Bars
Imported Food
Cuban
Kosher
Music Venues
Hot Dogs
Tacos
Venues & Event Spaces
Cajun/Creole
Party & Event Planning
Beer
Wine & Spirits
Visitor Centers
Travel Services
Hotels & Travel
Food Stands
Shopping Centers
Drugstores
Grocery
Donuts
German
Arcades
Active Life
Bowling
Bed & Breakfast
Candy Stores
Gastropubs
Tapas/Small Plates
Jazz & Blues
Farmers Market
Smokehouse
Food Trucks
Korean
Pretzels
Nurseries & Gardening
Home & Garden
Dominican
Pasta Shops
Malaysian
Mediterranean
Butcher
Greek
Kebab
Festivals
Halal
Afghan
Food Delivery Services
Appliances
Appliances & Repair
Local Services
Street Vendors
Brewpubs
Patisserie/Cake Shop
Beer Gardens
Szechuan
Irish
Live/Raw Food
Ramen
Wraps
Hotels
Waffles
Adult Entertainment
Internet Cafes
Wholesalers
Professional Services
Restaurant Supplies
Moroccan
Salvadoran
Spanish
Karaoke
Food Court
Falafel
Hookah Bars
Arts & Crafts
Irish Pub
Speakeasies
Health Markets
Poke
Hawaiian
Public Markets
Modern European
Belgian
Dance Clubs
Pop-Up Restaurants
Acai Bowls
Dim Sum
Tapas Bars
Antiques
Taiwanese
Whiskey Bars
Tea Rooms
Sicilian
Bistros
Fondue
Do-It-Yourself Food
Custom Cakes
Cupcakes
Coffeeshops
British
Cantonese
Kids Activities
Indoor Playcentre
Brazilian
