:START_ID(Business),:END_ID(City),:TYPE
Dy91wdWkwtI_qgjAIZ0Niw,Wilmington,IN_CITY
_Oksx3ALgKLRVxeAR8l_qA,Wilmington,IN_CITY
_NhT0A3LUEd75L_cEXf2_A,Wilmington,IN_CITY
A_-Vv5oKZNqxsV69_7E2KQ,Wilmington,IN_CITY
JNH-hcySeuGmtI_t8dG3Dw,Wilmington,IN_CITY
ekBvLA43oEWEswUXZI0bYQ,Wilmington,IN_CITY
5R6YO6K9PkthkTbXqV9slQ,Wilmington,IN_CITY
iXemjTj5TOByT1-cNTSaDw,Newark,IN_CITY
5ODCsQbRdsFIWlypGF3iUw,Wilmington,IN_CITY
s-7Q1GAQmB-Qsm_UwviHVA,New Castle,IN_CITY
59fWFpyDg01BTEH-Hh6jdw,Claymont,IN_CITY
YdpDpp130fxiX2DUdQLSqg,Wilmington,IN_CITY
EROSyhoWNCUH53NrDrsHgQ,Wilmington,IN_CITY
Vo4NZBtF3mr6EJitNnq-Wg,Greenville,IN_CITY
xNWueX3uZjmixQUkY38GzQ,Wilmington,IN_CITY
sFtEbnWDtIADseyr8Lx6Qw,New Castle,IN_CITY
ulwns2OavT81v6zG-Sk6ng,New Castle,IN_CITY
B6zs6ywn7TfhOmmDtuWQkw,Newark,IN_CITY
qmDm7guS7TAZTSDFYY2bug,Wilmington,IN_CITY
SkWaAf50KiN2m0zXfnAuiA,Hockessin,IN_CITY
D392vqhMjDPkHw1U8p66Uw,Wilmington,IN_CITY
O1gJVygW6UVgKCpErmYZfw,Wilmington,IN_CITY
ggJXlslLYndvE7n3hgJBCQ,Wilmington,IN_CITY
CKKY7kxtznKVzm9FBzAL4w,Wilmington,IN_CITY
Q4OTSH9DaoeqtYcg6qYtZg,Wilmington,IN_CITY
OlOVRlcEstxKK_6hMjy63A,Wilmington,IN_CITY
eNxh94Ogxwuomg7JsZu98w,Newark,IN_CITY
o8JeOB8HTa5HYHg6hfqTHw,Wilmington,IN_CITY
7Ld1DxAhSlGSateku0iqbg,Wilmington,IN_CITY
7O7YHTUB3uqXHsQSLKR0SA,Newark,IN_CITY
MZW_eTFYFBvHYg5OFqDRCA,Wilmington,IN_CITY
i2qrXvLkhyG4xyRI-ddcZA,Newark,IN_CITY
yDiWYpuzRxcTgSi_O4JZpQ,New Castle,IN_CITY
ThZyytdc_kj2uBYFiSao-A,New Castle,IN_CITY
uoMWvXch6sWnI9FMsE_-Vg,Wilmington,IN_CITY
02kw1y-cUK5v_u5BaAQvjg,New Castle,IN_CITY
fCFUlCHG4spZ3O0vbqnYjA,Wilmington,IN_CITY
LSxmfbgcZLdQ5ai2vf2nmA,Newark,IN_CITY
psD0qpCK-iENFO9c8hmnkw,Claymont,IN_CITY
c4D851qxOujE5KTH8upXTA,Newark,IN_CITY
5RtAJPXFLTzwALIe1mtNuA,Wilmington,IN_CITY
xtbAqP_Ftb3kYJ53Hv6H5w,Wilmington,IN_CITY
ZB2T9dwB4vhHPsJC_4eOnw,Newark,IN_CITY
mtowE4p6gOgyGrHAsMz-rg,Wilmington,IN_CITY
f9iPWhAeA_IKCF-aPcud1A,Wilmington,IN_CITY
ccEgmgcc5uLJejser0UD0g,New Castle,IN_CITY
oS70RVt-RegY3Ts0hLASQA,New Castle,IN_CITY
N-_ilHVIMQqzkga7nHfA8A,Wilmington,IN_CITY
VMiDHHR-JHgB4ZoVluxpLQ,Wilmington,IN_CITY
ixsljpxu56VCTtayIELqUg,Wilmington,IN_CITY
3zWNxtRhyR4rLPfXyQgSyw,Wilmington,IN_CITY
XF86J5bJKkmueBL-PmPbcg,Wilmington,IN_CITY
OGbdvZAvSZ30l8sde9GSwQ,Wilmington,IN_CITY
wWcETNWBnFEi1J_W_9hXJA,Wilmington,IN_CITY
DAcqRGI_u8yNCcUIczfNxA,Talleyville,IN_CITY
gTM5c2B3X2nEvYg6Jlw_EA,Wilmington,IN_CITY
k9W1gDPg4TziOTqY_xjTyQ,Wilmington,IN_CITY
hFa7UxRZgJDQJ3UBhQsu9A,Wilmington,IN_CITY
_BqPnypB6wPZRPbEqtKy6A,Wilmington,IN_CITY
sKQ0KYon7eT6xEnCpb18aw,Wilmington,IN_CITY
MmFNgQrsPrFWUx6Wr3KS1w,New Castle,IN_CITY
UZkuF34Plfao49I9dylzXg,Wilmington,IN_CITY
iCfB58Cvb_rw_SDAgPXLfA,Wilmington,IN_CITY
sTQZ6WHggp7pBnn7mW7y0w,Claymont,IN_CITY
citzbW-2MVEZRNBqpVO-Jw,Wilmington,IN_CITY
jVJH1KfitQi87MYMh6vyMg,Pike Creek,IN_CITY
iJKOUYgigs4VYsWny6AtEA,Wilmington,IN_CITY
W6S482dRQ_9nCcLjfv8VNg,Wilmington,IN_CITY
XYoyLbHwbBJShaZltxsAYQ,Newark,IN_CITY
7ELSYoA2CZx8UPSLrvhOXg,Newark,IN_CITY
1Ye_elsSB-XjKgWAHDwPbw,New Castle,IN_CITY
fLeD_h6uD4yEN2ciI08RiA,Wilmington,IN_CITY
JaHuWM3Tp1aG7NW66mhutw,New Castle,IN_CITY
5IFqqWJTaPNoY2ZgRlX73w,Wilmington,IN_CITY
MTjS4g__WMgA-PPMjCL4fQ,New Castle,IN_CITY
19fHbf0qzihtEtXQZ2ntww,Wilmington,IN_CITY
ScXJHSCceQao6K87VK199Q,Wilmington,IN_CITY
8zJsbIVBXDoGaEmQNicjdg,Wilmington,IN_CITY
Y4eaKcLP0hCIfvhknOT4uQ,Wilmington,IN_CITY
5cvVmZYhYr1P0ot0ed2lJQ,Wilmington,IN_CITY
oQcV39W4ApVURMAXd7qhzw,Wilmington,IN_CITY
dsglOxl3QNlMzidRhZ4NWw,Newark,IN_CITY
O7vMyd_Lg2-1DTW8VPFwcQ,New Castle,IN_CITY
8k3m4HBZB0h--N98bV4j8Q,Newark,IN_CITY
VHJBGikBqXpdc6mc7qtQ8g,Claymont,IN_CITY
gdV2mdEGR_kPA9EW6r2Qeg,Wilmington,IN_CITY
ilriW8ywq5HFs56Ux8pftw,Wilmington,IN_CITY
hAV6BW2gfdtbDhxeBJUvIQ,Wilmington,IN_CITY
MkYu8dMDQFX830cIqMo90Q,Newark,IN_CITY
pp79bmyve2egmM1_9Rh9Fg,Wilmington,IN_CITY
Z5gHx5r8Amn_LB4eNSJs_A,Wilmington,IN_CITY
wlzn5BhVMS2Kz3BYcTZIRg,Wilmington,IN_CITY
sHRfeIQg6FMhjKkiNfaLgw,Wilmington,IN_CITY
fd_fNaeZxcZfUza3K6Be9w,Hockessin,IN_CITY
N-EQ9UDuFHT9RyC1JFX5pQ,Wilmington,IN_CITY
yQFHhWKAr2f8LNQvq-8NxQ,Wilmington,IN_CITY
NBPOJO1QZE_65BM4qmQahQ,Wilmington,IN_CITY
4VGEq2AHUw3uP2L51S8raw,Wilmington,IN_CITY
XOOsIjiMVQYB3An7z89Mnw,Wilmington,IN_CITY
TUU1mt51yasYH0QYwzKTEg,wilmington,IN_CITY
1C1zjPi4rYwgGr8kD-1pwA,Wilmington,IN_CITY
QrCC-AbRjY8J0jw-aBcotQ,Wilmington,IN_CITY
G01vpgoEWyYxESzZEij5sA,Wilmington,IN_CITY
koYe0Xt78lAigCvFRiCw8w,Newark,IN_CITY
yn57lTycvUvogODsFEyWVQ,Wilmington,IN_CITY
LdGu5XlzAX0XalxAUMMdwA,Wilmington,IN_CITY
tvlElS5cQ6YVEVOb34ujqQ,Wilmington,IN_CITY
HurD0KDmuuHVNnh1lGb_OQ,Wilmington,IN_CITY
cbfQNOgUYCu3Isfa6icYgQ,Wilmington,IN_CITY
hrPLZ99KVPz_7yxZVfc9kA,Newark,IN_CITY
E55sNGuWYTRlH3r6_5OlOg,Wilmington,IN_CITY
hF-Ndu77yzspMkDZv9bWzg,Wilmington,IN_CITY
uH_nXWJn51aHspawHb-GBA,Wilmington,IN_CITY
41lJbk2WXU3R0GKDKxRFPA,Newark,IN_CITY
H2HZ5Rz01L2xLzjJR8sQ-g,Wilmington,IN_CITY
8vvMGaJ5biveUVE6-yTipQ,Wilmington,IN_CITY
sTvFxzQU_4bm-owSJXx0MQ,Greenville,IN_CITY
p_iyQ6Mo33ZbGS5k5_bTng,New Castle,IN_CITY
qFsh80AAL90tkOc0n98bqg,Wilmington,IN_CITY
-AxGGm4yvhedkmN1glW1Xw,Newark,IN_CITY
jpEhAUyitrgwDatsgeBgXg,Wilmington,IN_CITY
shIAkjO9IFa4yTM5EENPTQ,Wilmington,IN_CITY
OpUoLGa5NwOzuPutIAa1vA,Newark,IN_CITY
h3DUMo4oWyVQ9ZfGar6vPg,Wilmington,IN_CITY
KnXW9AQKAlGmQ9AU_77B5Q,Hockessin,IN_CITY
nrlYIT438hkDub2ifE8DHg,Newark,IN_CITY
JQ__Ee1Uuw8bWUu8E2CjBQ,Wilmington,IN_CITY
edFDP6O_R4n9BUXDMFqApw,Claymont,IN_CITY
VVqQvn29cQ2LZXJ_9rPa-g,Wilmington,IN_CITY
uyXVm7lhbR26t5Jy20VYPg,Newark,IN_CITY
Nvy1jETQItFjG0oyjpGk7w,Wilmington,IN_CITY
AjxhKYSbc1NrGOxAcqxb9w,Newark,IN_CITY
52RFRa6UlbIxy8EnWJQpjg,Newark,IN_CITY
_ju1BXAF5g5QtAFfZZKO1g,Greenville,IN_CITY
IugPZVHmgdGvOmNVi07ueg,Hockessin,IN_CITY
f4ykOH9Z-87b2l3Ea4HDPA,New Castle,IN_CITY
MIK2lBW3eFpPcy0vKxPS6w,Newark,IN_CITY
FGPFf3cZ0djSKNXNDY8IqQ,Wilmington,IN_CITY
sX_vxWQuZu_EA1bkCX95Yw,Wilmington,IN_CITY
mtXTk0-IRTS8d0w16ihRPw,Newark,IN_CITY
ucDPodtTLX7LHZnigGRa4Q,Newport,IN_CITY
LwXkXDdsu1yWWcWAbt2fYw,Wilmington,IN_CITY
Cv4QFI1gGGrgRSVnMU0qug,Talleyville,IN_CITY
PHaAnZO3jkJeVaekf2zT4A,Wilmington,IN_CITY
UtVv2dVuHqpaJqnRwismiA,Wilmington,IN_CITY
Il3GDb6A7rGSYdt89Wb0Fw,Wilmington,IN_CITY
QpQ8CxC14jnNOdb7B2R6zQ,Wilmington,IN_CITY
CZ2KPQtt0ah0up00YK0Ypg,Hockessin,IN_CITY
-eJJKj0ClOvumIYksYSdcQ,Wilmington,IN_CITY
081vVr80-uscqGGaFAxKfQ,Wilmington,IN_CITY
1DCPuF0_VZNLRvHEAVJJng,Wilmington,IN_CITY
zUMbBbxlBY0_hbAclEwDmA,Newark,IN_CITY
UXJEQycac7JKyyTVDjWBdA,Newark,IN_CITY
HsCX4E7_k-XXS-1iTz17CA,Wilmington,IN_CITY
W6Nc9Lt4n89sEBXqpCIGrA,Hockessin,IN_CITY
Z_xbp4N5MDssZxdUohybTg,Newark,IN_CITY
hBmWWvU6BSL6i_eYapOFGQ,Christiana,IN_CITY
YJgLVtH4IFzRTrlvTO2_Cw,Wilmington,IN_CITY
G1M1OJmxp5dPY3rRYpl5WQ,Newark,IN_CITY
jfv6PEdL5KchI-DGJlnbWQ,Wilmington,IN_CITY
ExwZRGJcZ7eMfFalfQjhkg,Wilmington,IN_CITY
w0RHRKHj9g2G3H5LcrOiKw,Wilmington,IN_CITY
RzuUOVjXuyG9b8DctqAgFQ,New Castle,IN_CITY
ujUb29BOYcUyhMcnqo4bWA,Newark,IN_CITY
Vy9VN70aRpIe4yEo55VrWQ,Wilmington,IN_CITY
ULrDH5eEndkbALvYEBhrHw,Wilmington,IN_CITY
2CCPRNXRO33sYuotGG7MqA,New Castle,IN_CITY
-ShzgoeH2nvGG_TlNfMz2w,Newark,IN_CITY
t1KiSVmxADW1LaxA2Wtj9g,Wilmington,IN_CITY
jrNAkn21Tjq3n9v2n3m46g,Wilmington,IN_CITY
uAlZsR2u3sArs6vuuHl0mQ,New Castle,IN_CITY
0XXZSQpSbcbL1i4iK-Ohiw,Claymont,IN_CITY
QfaobFtkXhyTirLQLkV82w,Newark,IN_CITY
2ojUHZ_5H8_S0vh-rXpPfA,Newark,IN_CITY
b8yPm2F9dHjJLu5NF-lneA,Wilmington,IN_CITY
k93U5RS4ohNqk9912QcyOw,Newark,IN_CITY
gfIj5FvIejEiex4WV04wIQ,Wilmington,IN_CITY
e1o-2If3E-OY2A_yvamrIQ,Wilmington,IN_CITY
Pn9_MnhoLrMFdW3AZDORMQ,Wilmington,IN_CITY
MyNFSdduvVnfeJu5sQfFLg,New Castle,IN_CITY
hZVzFdmKqFDPHleovfGnPA,Wilmington,IN_CITY
H0tVJV7M5lb0bE5vDZd6KQ,Wilmington,IN_CITY
OJUTu1PAPjljZBwtI5DUdg,Wilmington,IN_CITY
W_M-QaSW2y2JfUDRfOZ4-Q,Wilmington,IN_CITY
OEMBtqjWgHvLOCIjhY_7eA,New Castle,IN_CITY
PhPokNCiFVdOx8BsdPnqeg,Wilmington,IN_CITY
zj8HThbzTWvXl7-Dw0_nsQ,Wilmington,IN_CITY
zz0l4dUf28wzPAaTdGqsSw,Wilmington,IN_CITY
yzQvpMF2HFZrK4ZL3vV5Ig,Wilmington,IN_CITY
SYcdJP123caYVCkZ27BIOw,Wilmington,IN_CITY
BypYxOw7LRO8zjFMxRWdDQ,Newark,IN_CITY
mskYyOH-xVyBlBn9OLqu4Q,Hockessin,IN_CITY
3P-5sAQoAyKcoO5e4paG7Q,New Castle,IN_CITY
-G0iVQaYvpZETVKwPVdR9A,Newark,IN_CITY
58OuqehnPxdFq8gWR_hBRw,Wilmington,IN_CITY
m7gW3sfkxmIeW3dz5XTzTQ,Wilmington,IN_CITY
-zngCcpYYPNXEfwv9NJsIA,Wilmington,IN_CITY
AVYuQ6DTqpqsB141r3lH4w,Wilmington,IN_CITY
lxWMl4ejGvFmihN-qSTNXw,New Castle,IN_CITY
gRHfRxTqaf_oUapIB9MMUA,Greenville,IN_CITY
w2LKdmH6Ytez4ptNdO0Vuw,Newark,IN_CITY
sd0AA8okoNnR7ONkF9AWvw,Wilmington,IN_CITY
TYgc71FqGLGiROceq4TP2A,Wilmington,IN_CITY
_I4a0zwTEJsvbLVqM5cS_g,Wilmington,IN_CITY
qljraKzqFlIONICsRtzSnw,Newark,IN_CITY
ML0D_20SZv-Xz0ST74qkuA,Claymont,IN_CITY
sl3Lm8ZNuY_oIop0ZFRzuw,New Castle,IN_CITY
5Vp6Pz3AVcqbyDj1ynKOTA,Wilmington,IN_CITY
tuKYmeiSkAURPQnRDCLBxg,New Castle,IN_CITY
Ixr2-GfYKatXdq1rZnfHiA,Newark,IN_CITY
wkO1a_i1Mzpd-0sbiLa7EA,Wilmington,IN_CITY
4C0xj95V8-Mp14OixoTUZA,Wilmington,IN_CITY
PtVJoVOcsll8TP2HnArLsw,Wilmington,IN_CITY
UxP1VK4lTLKRu9cgjGhdaw,Wilmington,IN_CITY
ijJLd8VHB-vPLWmHyyELYQ,Newark,IN_CITY
pkNffAUPpdKaUuUUbhzLmQ,Wilmington,IN_CITY
5hID2DruRwIwit0BcLHTaw,New Castle,IN_CITY
uMoHJJg3zFNjh09WxN8HWA,New Castle,IN_CITY
6Ks2A_uQSvMrDa9_wl5aKg,New Castle,IN_CITY
4WAgExw8IOQ_mcN1DUy4Iw,Wilmington,IN_CITY
Co47eJ287hxR-9iqhnswcw,Wilmington,IN_CITY
DNvMHI_X3PEi9vTmMHO0Yg,New Castle,IN_CITY
3VZsvccKrkvmBshoAFrgGw,Wilmington,IN_CITY
SUththHA3pfnkQT3Tu27IQ,New Castle,IN_CITY
nNKZXzq3kT71E6R3JX9RPg,Wilmington,IN_CITY
KrJcaM7Fh-NClOIXfB-s4g,Wilmington,IN_CITY
ctppPuguEKktu2X7SaOf-g,Wilmington,IN_CITY
VlzexKYF6St7-N4tAoGBqg,Newark,IN_CITY
7ABcgM9T7SD7H_-MLy61MQ,Wilmington,IN_CITY
RKgn1CwGm8FCH0hKOTDG3g,Wilmington,IN_CITY
TdLZpW0GG0NXsBjtX_SlRg,Newark,IN_CITY
vMWBVI5ky6c1gfuPB7ZTLQ,Wilmington,IN_CITY
NQkqbnHOPwvaBGdhP_03qA,Hockessin,IN_CITY
7VrD6atyAIOPJAEdAvsA1g,Hockessin,IN_CITY
Hx8DHtPTRq-Qa98fRCTofA,New Castle,IN_CITY
HBuQAJvypwNerylr03XqQg,Newark,IN_CITY
gAiAwgSFAzT2yFXyL6dVcg,Wilmington,IN_CITY
T4RdefWsIRfo_36Bv8X15g,Wilmington,IN_CITY
Te4yTJ7blab4s_JTAF71Iw,Wilmington,IN_CITY
b9cdwGoH4oetEYA5b1YpDw,Newark,IN_CITY
nUwlAKUoxCJb3SDAxpymbA,Wilmington,IN_CITY
ByD67fU4LfLkNMpMZXdAYQ,Newark,IN_CITY
5vNalmeJRlPQR0HGfyCq7A,Wilmington,IN_CITY
enWMHykIbIYAX1ChWQURZA,Wilmington,IN_CITY
fmM5dA09gigXH0nCb9nEvw,Wilmington,IN_CITY
qzNMDrjffJGMa1TVgmdS0g,Wilmington,IN_CITY
pWIO8FCZqnPxTwt7lURk8w,Newark,IN_CITY
YCfMNP_1YCTXTKlrnw44vQ,Wilmington,IN_CITY
1XJ1kOixnDEfnTrRfyjUiw,Wilmington,IN_CITY
JEpsrFGIH4ixJJ4q2yUb_A,Wilmington,IN_CITY
pvwdXO69MQKeAEFwcISnFA,Wilmington Manor,IN_CITY
FJSIOZotIVrgvqMuBQ7y7w,Wilmington,IN_CITY
kMVROdQZoNoQBmvvpe78LA,Wilmington,IN_CITY
IZMHmGH1NbULyreLPx3t9A,Wilmington,IN_CITY
Qpyp_qwSCxb6a0PsLcJnwA,Hockessin,IN_CITY
01ikDdFTvc2-YXeyv-YXjg,Wilmington,IN_CITY
Z4S1pssoLucE1DT7aervXQ,Newark,IN_CITY
yih0BSPRXzPlc8qVNlYs-g,Wilmington,IN_CITY
K6SQfxBapNAIVr_C73ohlw,Wilmington,IN_CITY
zVagjsscMqU6ztrFvv6hOg,Newark,IN_CITY
953cL2plLpQtabKer3r9aQ,Wilmington,IN_CITY
P6DfeEXFpV_Z6RJRMZ6oXQ,Wilmington,IN_CITY
rBYX6kKsDt24uFdyAEs5iw,Wilmington,IN_CITY
yBfY-xIpN_OmxyXfoX0bTQ,Wilmington,IN_CITY
ifGlDvwm_6ralFBNb35Bkg,New Castle,IN_CITY
lNi997C0gpQMlKW4LIIdrg,Wilmington,IN_CITY
PMv1-zywWOnHcmvcnB30HQ,Wilmington,IN_CITY
B8oETYiwY33NGixjU6Z0oA,New Castle,IN_CITY
SWrUyOkijbZPp6If7UMzjw,Wilmington,IN_CITY
5L918sNOVHcCJKZ7RWATBw,Wilmington,IN_CITY
RubysERTZxfYrkkzgYOlXg,Wilmington,IN_CITY
CLUKvU_lTOcCQi6_24lzOg,Wilmington,IN_CITY
r19qAeTxkc-aes2UVt9v5Q,Wilmington,IN_CITY
R5yCU9dJnGcXw3voSB7pKg,Wilmington,IN_CITY
Wy3s-xxiqZBg5Y1eSzI2DQ,Wilmington,IN_CITY
1MiuGnBgT6beHPfTJiCF7g,Wilmington,IN_CITY
b9bzEYHseU0ceo7-0XaXqg,Christiana,IN_CITY
lm-KtpMuHoPVCkC7zpr_xg,Hockessin,IN_CITY
i0Q1qSWUsyMJcbcTNJBtIw,Wilmington,IN_CITY
WroosnY3U0t_Lg1U_3s8AQ,Wilmington,IN_CITY
YxRqBrepifOBU7KO4b4BDg,Wilmington,IN_CITY
eZV80xPOehww63KQWdrviQ,Wilmington,IN_CITY
lqMOJ_cVSvVU-lferJVPLg,Wilmington,IN_CITY
8MzZuGJVuA_HzzQ-QKDpTg,Newark,IN_CITY
4To3eljiM2DlF-D7Fih8iQ,Newark,IN_CITY
yTVTy75PHthgHH1ZcGVbZg,Wilmington,IN_CITY
kFx4Nq2WhoIlCx7Adrzo8Q,Wilmington,IN_CITY
TlaXeIvS_0yQhjWTLHCLSA,Wilmington,IN_CITY
lwJllJ5e4CLHdliOPEfgGg,Wilmington,IN_CITY
Wj2Rb6wGmejjYuZgRpNuNw,Wilmington,IN_CITY
CUckmG16ZfLaLogSDlSNYw,New Castle,IN_CITY
YBZHAr2Psvh20BZBv7o6cQ,Newark,IN_CITY
DZUZbsr-a_59zjjPY8rGKQ,Wilmington,IN_CITY
3qRDGcBOcfFnEfAzVLO6oA,Wilmington,IN_CITY
J1VMww2sKmYVWETGXR63_A,Newark,IN_CITY
QqN7cWY8DerAsL7kW01UcQ,Wilmington,IN_CITY
0MivygP7tD4AWbskqYmMuA,Wilmington,IN_CITY
FNufNXHffHXRUhIqXWNoCQ,Wilmington,IN_CITY
UI396ToWHWXcDmILMclWcg,Trolley Square,IN_CITY
3N38Hwxvx2Azb2hyLb1vxA,New Castle,IN_CITY
_7EnH5l_oCZyu407yuvNEQ,Claymont,IN_CITY
VcwdSsoGhQAwo7Th3MWBOw,New Castle,IN_CITY
C-rxRVvEs7VrGUwMSngxvA,Newark,IN_CITY
j1e3-hZkEX-mnxuujdKQig,Wilmington,IN_CITY
UBX73ZWgCdgom4nv0UeGvg,Newark,IN_CITY
XWDbA6RFVBBLjPps-f47Cw,Wilmington,IN_CITY
-KugJyLmuTECAE121jsCkg,Claymont,IN_CITY
-F-30mTCP0dUr_mm57NxUQ,Wilmington,IN_CITY
ZraQzfGJfnVMbMXZwOQ7Vg,Wilmington,IN_CITY
MPuoLAmmBvijfXC7JEUsFw,New Castle,IN_CITY
-PuFGEYEx1wPjqoxfE_k4Q,Wilmington,IN_CITY
UXHJCBnu6Ruh4SjLBOyaAA,Wilmington,IN_CITY
F4cyfaD-SIg2N8r2xIiWjg,Wilmington,IN_CITY
Y9wxA_5Mwnax3dTLTXxEZg,Wilmington,IN_CITY
FAvUlfYblxOf6FA4eO-qnA,New Castle,IN_CITY
h2TLKm5xuRttX1NJUoYurQ,New Castle,IN_CITY
VNf2NwMjjcYVBWGGMigTtA,Wilmington,IN_CITY
g1o1XGR4vA85paP6G9S9DQ,New Castle,IN_CITY
dAYsDKMHLR3eZqn1CP5oJw,Wilmington,IN_CITY
6zLeYObKM9K4aFcSrhbz_Q,Wilmington,IN_CITY
J4Lj1Mag6ODDmP0kuRnEZw,Wilmington,IN_CITY
icydX8ke3jYeam4yL3ap4w,Wilmington,IN_CITY
QgJv-WSd5IdYTYIaS_RRxQ,Wilmington,IN_CITY
FjgPNVFrbL924rNUMm8nBg,New Castle,IN_CITY
Eggbe8TRDB0wPjqymWMk9Q,Elsmere,IN_CITY
QZjoE2z7MwKZ8JvzUNzGzw,Wilmington,IN_CITY
g49GSuIxGFz0Kr9b9qXqJQ,Wilmington,IN_CITY
Tz36ybiNcF6X9wxEFZ4J4g,Wilmington,IN_CITY
jVJdCT5lD-DT0LuH1OGVNA,Newark,IN_CITY
F0hePnZFn1Da5bQ-GO5tfA,Wilmington,IN_CITY
Ve1V5bBuUCz_aB0K5s0x_w,New Castle,IN_CITY
Y4nL9U-1fJmGAs5iTlSIXg,Wilmington,IN_CITY
r08CGs3hygzCtBcmZYpZsg,Wilmington,IN_CITY
65024MqvGVwOvseDL8l_-w,Wilmington,IN_CITY
yK8LWJ4VRTYEoGxVYzcjQg,Newark,IN_CITY
3dn-FdMoVBfqkH3SEgecxw,New Castle,IN_CITY
gtOVX8hGKKIryQs0lGPt3w,Newark,IN_CITY
ACVar6kJC_P2aDHDBx6N_Q,Wilmington,IN_CITY
4EffIBpRHXJP0mNZeRAYvA,Wilmington,IN_CITY
hFMud7XDefdWM1d-p1B2dQ,Newark,IN_CITY
2-yrFS9sCxyKPfr6CnHmTw,Wilmington,IN_CITY
_wm4lnfN_vWSuXZH3gXq9Q,New Castle,IN_CITY
Wbq1ioousibK88FRw3PlDA,Wilmington,IN_CITY
qwoqt5912WOdHHOtoMUF1A,Claymont,IN_CITY
0y5x2QxXdeHvs_m0hoO84Q,Claymont,IN_CITY
gemfdRJabGzAqfD1oLLC_A,Newark,IN_CITY
myAaXOSoxfaNnCPTcV4M8w,Wilmington,IN_CITY
9i784uctK0-_omQcdCcgWA,Wilmington,IN_CITY
qeBhpLwPn8KZJoHPPSH-sg,New Castle,IN_CITY
0HzjYHjeL5GvGHMj9XjO5A,Wilmington,IN_CITY
jCyQknyt1mkMTBw60-ABUw,Wilmington,IN_CITY
_LoYXMFxkbmrpAP74d81Dw,Newark,IN_CITY
ylkgMTVWMvliW9x-XlbjvA,Wilmington,IN_CITY
kvb0a9FiFs9UXWxE6q-5DA,Wilmington,IN_CITY
Qp_6nULBg80xhx8ksMYAHQ,Wilmington,IN_CITY
ajFL2FsdDZQwwpiOVeh1nQ,Wilmington,IN_CITY
-PTWFicakClBDK-zyQ5hjA,Newark,IN_CITY
uPngSFlKQmQT3v8h8aTwmA,Wilmington,IN_CITY
ERov0fZxnWhM-2GYFY2i9Q,Wilmington,IN_CITY
xHi_onbMgQqj86HFfDiqsw,Newark,IN_CITY
I3yzZhtKfRMuUHWHDBqHGA,Wilmington,IN_CITY
v1VKIvac73Fxt6BMiuKiTA,New Castle,IN_CITY
HQdoy8OpEuGKM_Op-ovHFQ,Newark,IN_CITY
alM80dgR9izB_svltTw1Nw,Newark,IN_CITY
YkL_44nF4_jUDm3cyq5SJw,Wilmington,IN_CITY
rl77SOSsmY-jklKpTm3jWw,Wilmington,IN_CITY
NlkFNuYkreoPvrThNQEvbw,Wilmington,IN_CITY
EUTf-d0OVBMyPkg3lObG6w,Newark,IN_CITY
X0lMkTXVs3PLcyKzQ6GTcw,Wilmington,IN_CITY
JogSG9qSX7rRN1qioMhYeg,Wilmington,IN_CITY
DXdqMi16GRc7oMUSFmjIfA,Wilmington,IN_CITY
IZgQel8rfyLY8r69GtnUQg,Wilmington,IN_CITY
adVbOEChtDwsLF6k_Quczw,Wilmington,IN_CITY
-eKoPT80NewUNc2h-hevdA,Wilmington,IN_CITY
qCVbvgYjJkdsrSN71Ra0Ew,Wilmington,IN_CITY
hJ0QkeOdQ5y7MTmdR9NO1Q,Greenville,IN_CITY
TU3rjb_t9OVLoxVJpwEhwA,Wilmington,IN_CITY
T3zMecCY619BrWOg-fi7lA,Wilmington,IN_CITY
hN4B1kS8J5MQykKxrYXB_g,New Castle,IN_CITY
aAPiZY_6_xb2qSMs0ABBpg,New Castle,IN_CITY
2ZaldC7ird5-K9sSvK6tIw,Wilmington,IN_CITY
aiJg1ucX4IoeWFwKTNZcsA,Wilmington,IN_CITY
yfKe5Ne8oo4jEBXiZvr__g,Wilmington,IN_CITY
rwPdi2Ept5LcVYIRUjj53Q,Wilmington,IN_CITY
BKVwN2btBPovpWis42Urlg,Wilmington,IN_CITY
DZG3652AxmIUGmlF-hg3mw,Wilmington,IN_CITY
pOQGEGN_UrH8rtKea0WKRA,Wilmington,IN_CITY
UgdwL5wCdaFe84wmXmwaFg,Wilmington,IN_CITY
qdKCj1XsTCgTql1iuPB5lg,Wilmington,IN_CITY
a-YvWwzkAd-w6VWsW0sEhQ,Wilmington,IN_CITY
Jmk_N22L1iQ6-EZIlexqag,New Castle,IN_CITY
qRB4CzTnQy6iOO4D1FT4kg,Hockessin,IN_CITY
Yh0HF45_lVXa6gSSKsJY1w,Newark,IN_CITY
JCXcdCGpqIRXEGzhPukdsg,New Castle,IN_CITY
FyPqFGQXuX7Jkrjm6LoC0Q,Wilmington,IN_CITY
Y8iVXWq_C-U3POZ6yItw7Q,Newark,IN_CITY
4Co0fjkcBvNpUY1z-tg67g,New Castle,IN_CITY
2XEXr1Ba8V8qN4IGADNliA,Wilmington,IN_CITY
WM18UYsMn4EOwc1s1cCoAg,New Castle,IN_CITY
ElEbumta2ujV9PTx4OGbVw,Wilmington,IN_CITY
gu4TEXWfC69ZVrKDsVPtKQ,Wilmington,IN_CITY
z-2pRvQXAWqcZdLW2fKj9g,Wilmington,IN_CITY
NXYydDGZuz3p2AGg4puqig,New Castle,IN_CITY
FYOPKSHyRVYwqjNayJdIPA,Wilmington,IN_CITY
-6eomXaFuOSKPsUbk2A3xQ,Hockessin,IN_CITY
yFxxhrdtDfmNF4xcXeem8A,Wilmington,IN_CITY
vep5L_9i_xFaCm2bZvQemg,Newark,IN_CITY
UWQn01BHc7jJnjDx6y-n9Q,Newark,IN_CITY
reHlvRPArBEo4RatrXZQNg,Wilmington,IN_CITY
8IazNnZkqYlNODBZPS1CGA,New Castle,IN_CITY
_ZG6xLrZ7VIfcQS_tl0Mpg,Hockessin,IN_CITY
Qz6-OxFp9PhGwMZG5geqpw,Wilmington,IN_CITY
L-NBC1etnxAvHP_u2xo4Ow,Wilmington,IN_CITY
9pPK-EhpT9jkC7WXdtDM-w,Wilmington,IN_CITY
iWyYWFXrOvyoxIvUPf8OuA,Wilmington,IN_CITY
P_nqb7lULOtx3pAJbKfFXA,Wilmington,IN_CITY
sRJFxyCjZnmXuZLk6uKW6Q,Newark,IN_CITY
cVWOVdiHpPRzuS2FSQUgfA,Elsmere,IN_CITY
3omPdJWZzRAaNZU4vaovZQ,Wilmington,IN_CITY
S_i39mHBCZadtvwdC6Hb6Q,Wilmington,IN_CITY
mcmOeaoHlryrtogjd3tooQ,Wilmington,IN_CITY
DvKVx_Em_UkG2NPeeKSJzg,Wilmington,IN_CITY
NTlF55qiq2TCxR_2Kr4NAA,Wilmington,IN_CITY
015DpGQSGAjbHfa7KE-p5A,New Castle,IN_CITY
xSaH011Ov02w-8sxr78M6Q,Hockessin,IN_CITY
ZjwEfrsA2bztSk9SLrPqPA,Wilmington,IN_CITY
KzGXMHnlrknUhEjNyD8yZQ,Wilmington,IN_CITY
2y2LhpdlHuGU6bkAHFSoQg,Claymont,IN_CITY
fNd-tOJGusNDcT0Kqzikaw,Newark,IN_CITY
AHQSq5ZdYVQUleXgPwHHhg,Wilmington,IN_CITY
jAwmIPk8p2c2kxAbL7Ocyw,Wilmington,IN_CITY
bbm5_njEZyw68E7UUY0xgQ,Christiana,IN_CITY
4lVR4qfWaX-wn1v4EakF8A,Wilmington,IN_CITY
jJKvRg2tYr7qWP-VxdjCTQ,Hockessin,IN_CITY
PGFzlPVRUz2rpR9DRAU7dQ,Wilmington,IN_CITY
leaEzQ7Uz_7NID4vpx9RCQ,Wilmington,IN_CITY
vVLLNrqhvrkVXfIIW9Etag,Wilmington,IN_CITY
xNZj9zMVY7NizZyBn41BvA,Wilmington,IN_CITY
Wz687hCcjVyHTCP-jd6U_Q,Newark,IN_CITY
imCIha88DmlxaWpXScRkZw,Newark,IN_CITY
0CeoONLXqseUxPdGerefOQ,Wilmington,IN_CITY
DoHkrJJVPffu924i6MLtcg,Wilmington,IN_CITY
j7LZM6rf4Bf33exo6XXKGA,Wilmington,IN_CITY
RLB-RxkiAcY4pwjTYUzpEA,New Castle,IN_CITY
bS2clitvOuAuxFKxA0YnXA,Newark,IN_CITY
71UVaCN8AtyovlqoS0Hixg,Wilmington,IN_CITY
JaJDxNxLsV4h_Nkt7HsMAA,Wilmington,IN_CITY
7sdNASlBZhZMQalQUKB4ug,Newark,IN_CITY
Rgp0ZBmxRjf0pqqVnvzm8w,Wilmington,IN_CITY
jWmg60gRRnNhaHQyc2W8Og,Wilmington,IN_CITY
bn0XzKxBRBWvnHUMg5cz6g,Newark,IN_CITY
dz3dov1RfT25X_StP__cdQ,Wilmington,IN_CITY
7NZ8Uq7Xtx4i7MR--1IjNA,Wilmington,IN_CITY
R36Rhjk95Jh70scUravEQw,Newark,IN_CITY
L7wxBug8MF-Ag-u43DkQpg,Wilmington,IN_CITY
FtN_ctIlpuTcAInNIMiM1g,Wilmington,IN_CITY
DCJefHxEStVHnX8acaq0xA,Wilmington,IN_CITY
jwp7_9S5IslgXnA7udfkYQ,Wilmington,IN_CITY
qwIF7ZBgyP01Cdt53aYS3w,Wilmington,IN_CITY
8tccha-xTkuNLiPfJYACXQ,Wilmington,IN_CITY
mnyk_gnb60vFB2o6Y8c2Gw,Wilmington,IN_CITY
P7p-rYAkkOnPURxXx3Tg8g,Wilmington,IN_CITY
N8NB7lMryKMMf6SJUvzYVQ,Newark,IN_CITY
z9xBQXT6Ru19ySOjdGDIqw,Wilmington,IN_CITY
pOCjLcWQskQjRPi6zdLvAw,Wilmington,IN_CITY
OwBgQo86CL2GmGX0OIUEEw,Newark,IN_CITY
SwDn4LYC7uzQMmIz8RMBBg,Wilmington,IN_CITY
leBpyQruds138tREAfRvzA,Wilmington,IN_CITY
gDc_CGQD__1IqL79TaUKrg,Wilmington,IN_CITY
prjS_8VAw65e32UtoCj5AA,Wilmington,IN_CITY
4wvKerRd-Y88IX6E5lCArQ,Wilmington,IN_CITY
CcxT3qxaAm9_3-q2h9zt_Q,Wilmington,IN_CITY
15IzVzKuvUCrpM1AFvDT_A,Wilmington,IN_CITY
n7XtDJQVnxb1UzPPzlOlHQ,Wilmington,IN_CITY
d6CkVTvgiU-U-kLR1Mj09Q,Newport,IN_CITY
ikqbPYXQNLIvfz0kymBnJA,Wilmington,IN_CITY
nHHOQf2pjLT5jUvkG-4DHw,Marshallton,IN_CITY
4orl8-9N6Opr9FJjpsSVCw,Hockessin,IN_CITY
r3dO-D1qFn4Jct7KDNvImg,Wilmington,IN_CITY
Wo1nGE9JL8U8MloV1OaiBg,Wilmington,IN_CITY
vLiXVP1WHdilv13s5SnnQQ,Wilmington,IN_CITY
PEb_HioboxCfFONLZzVNTQ,New Castle,IN_CITY
ZzCcljlsQco6WsRDGaV8mQ,Wilmington,IN_CITY
skT9ekzLdiQRg6Wo2OzMvg,Wilmington,IN_CITY
R1NlqZdqYbs-KXLPXROS-w,Wilmington,IN_CITY
5xIcqp5q-6mw1FKaKpRCxw,Pike Creek,IN_CITY
EQr26hrk8cEYsZjaMVU57g,New Castle,IN_CITY
FhI8-M6EYtwfrerkWL_VMg,Wilmington,IN_CITY
VKUUdRVElaufzQAI4OcxLQ,Wilmington,IN_CITY
FoIzWtiwffKyfKJHsm7VKQ,Newark,IN_CITY
prGQTaFLeso7Qkzy-lOz2w,Newark,IN_CITY
2b-txFFWmKKq4AL-pnIxZg,Newark,IN_CITY
l0qTrHzfkquC144PkJh4Rw,Wilmington,IN_CITY
DGatNT8XO1aYuYVYGyWkPQ,Wilmington,IN_CITY
xHWi7ZQ0zlRoKWlfnmhOYA,Wilmington,IN_CITY
Y9EfIbXryZVWA3IVx86bAw,Newark,IN_CITY
5oEyGDeqeXeMfFXZdevtFg,Hockessin,IN_CITY
RO1LyRwH2eZT_eNUN0dC3w,Newark,IN_CITY
rugDoz-A6vL-FG-8PbvOag,Newark,IN_CITY
BEbSlK67eM7YnE9O5R7cGA,Wilmington,IN_CITY
1h-Irop_Rad5LB9EBf59SA,Hockessin,IN_CITY
70a-DEnbsZiYIjMaXnO8rQ,Wilmington,IN_CITY
TwZnsqJCFncURCDQoEypSg,Wilmington,IN_CITY
J1vj7-l7v4jYXxSR6ffPkA,Wilmington,IN_CITY
eBo_ZnzWshp5Myx7ugbMhw,Wilmington,IN_CITY
4mEqLXZD6aU3ymapf_hbIw,Wilmington,IN_CITY
bKeKYs8NycSzIYvpT_6ncg,Wilmington,IN_CITY
YSJ2WaubNxMCnlNsZfIQbQ,Wilmington,IN_CITY
Lb5Gi0VnxwtFXk3sMTSMcQ,Wilmington,IN_CITY
oa4bCkow1hrF6pqQCT6EGQ,New Castle,IN_CITY
e1D2n12gzzsyCdUdas5MKg,Wilmington,IN_CITY
WjGfcajYECW1zEoinqpc2A,Newark,IN_CITY
IzUXCIMWeocK1fJHdrgJgA,Newark,IN_CITY
oZfUOoDJnORwQrDTqUJ-NA,Hockessin,IN_CITY
LZquQqjVqoWFhVUqfLxUKw,Wilmington,IN_CITY
m5fKuw8ZMfYjJLtcISCORg,Wilmington,IN_CITY
51Fo_uY52A5oaI8YTHU5yg,Wilmington,IN_CITY
XjaYTbAMsIOkofZJ4QSuJA,Wilmington,IN_CITY
sy7uEcDtctaeYqD7HGrPCg,New Castle,IN_CITY
L3CwFF0JhicaxVfWzzrEAA,Wilmington,IN_CITY
Qx6IaAjbIECWWaRuqjYMfw,Wilmington,IN_CITY
K3ZZua4ab6YLhPqZ_DEDlw,Greenville,IN_CITY
cbimTBHAiibDpq8O6mP4VQ,New Castle,IN_CITY
5QPZY59iu3a0C-jWsZR8ow,Wilmington,IN_CITY
QOMipQ_Xd2ISvO0MvAS_xQ,Wilmington,IN_CITY
jQJqbe8WXuQNKlUNXfpXmQ,Wilmington,IN_CITY
s-0tlWRv3QQnFEzs5CytRw,Wilmington,IN_CITY
-rf-o_H-3_6XUrSxOLRcpg,Newark,IN_CITY
JgYdYd7qXgFXVjGWFJOz1Q,Wilmington,IN_CITY
qC8Whdafj7-DQ29b7Rlcdw,Wilmington,IN_CITY
E9KNLJmufM-fFHV9xJSK4g,New Castle,IN_CITY
tpJSzkIvZYvGJB7rekoGjw,Wilmington,IN_CITY
T3EnbJYkiMHutSxh0asEfA,Wilmington,IN_CITY
WXVb0_TPSNGjqRshykMY8Q,Wilmington,IN_CITY
59RdMsr5iXwZnD_qlnPskw,Wilmington,IN_CITY
dg3w68b9e4pJsdeCv5pHVQ,New Castle,IN_CITY
NDk4qwpkU2npNZu742OdBQ,Glen Mills,IN_CITY
v22_o4QdnXqLaXSO9MZE7Q,New Castle,IN_CITY
lM5TtwwucIPIzEPeDqDaEw,New Castle,IN_CITY
JJF7J3UXCNSwCXAP4LojtQ,New Castle,IN_CITY
jXHjuZSgxAPCDZjxBXsPZg,New Castle,IN_CITY
7T3curcaRIXUmbXZEE6lVw,New Castle,IN_CITY
I99hAdRjOW31DfHW6MUqwg,Wilmington,IN_CITY
eUes9qc-i7WMkUIdtddNDQ,Wilmington,IN_CITY
2UPOe4CTsy57JyBWCjNWbQ,Wilmington,IN_CITY
RjUlQqekSL14zu4rNOZuEQ,Christiana,IN_CITY
pn00KcFyvm88u7uwzka7cw,New Castle,IN_CITY
IHO1oAX0PrEQo5VYuipX7g,Wilmington,IN_CITY
8htTVv-lUyz2SUXKcwSC_A,Wilmington,IN_CITY
LOYex5JW6KuH_4t332wzsQ,Wilmington,IN_CITY
ULnAfyqr9dL2_yRsHdYFEQ,Wilmington,IN_CITY
4hWPnJWr1pJYOcI0CGrzWg,Wilmington,IN_CITY
BJxoz5d_Z45JasgZ7o-5_g,Wilmington,IN_CITY
pcT9YZDxLYRriQhWz-PnhA,Newark,IN_CITY
DB36BjmWWPkWqESu9tjIaQ,Newark,IN_CITY
MHCH84BAFfYXyY-NujHG7Q,New Castle,IN_CITY
gFOs5ho8kuPyYBdVkR3VHA,Newark,IN_CITY
NzuiDTVc1KOBPb-ZJgG2WA,Wilmington,IN_CITY
u6J-aO61VRmS7NKeBzrSjQ,Wilmington,IN_CITY
2KnB5sR6QmD8YRcEGsa8ow,Wilmington,IN_CITY
mHwn3XzGpyTXAe167aHMyA,Wilmington,IN_CITY
gkZ6iiEfnO7I2UzOHbkzrA,Wilmington,IN_CITY
4EWOA4I8_oszeXs7_ejJWA,Wilmington,IN_CITY
CFBnmxqAm4vX6v4BFye70w,Wilmington,IN_CITY
y_ErDiWeXxyYcL1_U966qQ,Wilmington,IN_CITY
LI1pBFuAuen2hD2a5rilug,Wilmington,IN_CITY
BHTpjNMdeja_cg9pRnRBOA,Wilmington,IN_CITY
CQgXWdtFDfshGMVpWqE15A,Newark,IN_CITY
YiNkf4WpIwLjsJPmgUeCRQ,Wilmington,IN_CITY
rRWAgAsFhtXbhy8GoSt-TQ,Newark,IN_CITY
sL_JrM7Llw5arZh0-JxZ2g,Wilmington,IN_CITY
i8uaneoCO8Nd6FVa02PBLw,Wilmington,IN_CITY
zfZvIjyu_hsnrnDcUZuBqQ,Hockessin,IN_CITY
OfUF725s1RaoaEOPY3hwZg,Wilmington,IN_CITY
Ds8E5RPjm2UHUemXJVTs3w,Wilmington,IN_CITY
UVYxBJITEqiM1BJWbfUYMw,Wilmington,IN_CITY
gHPS6jy5UzfVUDLUE74Y-A,Wilmington,IN_CITY
XivGJBspUK_LWVRyp96EBA,Wilmington,IN_CITY
_-pljHy_NUTTdd4dQBL-Yg,Wilmington,IN_CITY
O-k86O0GnQgBn9KxUiE1iA,Wilmington,IN_CITY
52pgQaYBZx8axZK4mPn0Ow,Wilmington,IN_CITY
taQYHTJVJsnguw_tfEBShQ,Wilmington,IN_CITY
QaPPKjlmCqX98J62Y-dlkg,Wilmington,IN_CITY
h0jLNrV28BX3AC6yHaN2Kw,Newark,IN_CITY
-HlTwWdzyN7Ec1xTjntfog,Wilmington,IN_CITY
50nOu5uopq2EbrSM90ZxOQ,New Castle,IN_CITY
dRFSMj5Q3lro4UDeN6oCQg,Wilmington,IN_CITY
wmDbIUgNaiemdgc6S2_-_A,Wilmington,IN_CITY
m_a1nzDkdwYV9P2FvxqGsg,Wilmington,IN_CITY
aRetE3hno9ISsRMaRaobGA,Hockessin,IN_CITY
LWIXucbDnKfXt1se2wtqLQ,Wilmington,IN_CITY
m0goxK9IkGhjoyfEA9ZvBQ,New Castle,IN_CITY
pVNQNJe5D5jnygJjWwSnfw,Wilmington,IN_CITY
8nio_7eFGbCSLhiLwbWvdA,New Castle,IN_CITY
evrQGHs_lC_fmEniotaX8A,Newark,IN_CITY
2kDAi5Od8S7C5QQ0TvLVxA,Wilmington,IN_CITY
i6-HSvdSaNy-Sr4FXiM9YA,Wilmington,IN_CITY
wYvNRu5yElMs108nz908hg,Newark,IN_CITY
86Zz4Bysrm6GIBpci955wQ,Hockessin,IN_CITY
7PmBvrYIRJRWM9dfp6Mv-g,Wilmington,IN_CITY
Soz-9beX1fUmz3Yxp1sphg,Wilmington,IN_CITY
FnI_J_T63I3Py7GnnmDaWA,Wilmington,IN_CITY
msp4nQ9YPzSA7d6fVbSrAA,Wilmington,IN_CITY
GsTHcKsO4c9ZnK0AdwfCpw,Greenville,IN_CITY
MsahEUyFXv-chom17KI_3w,Wilmington,IN_CITY
Ry_VL75WDfuudBMu3q4cAA,Wilmington,IN_CITY
i5PMM5ERgui9glBLO1vq9w,Wilmington,IN_CITY
sRATWcg2MaU6_wVVLCmxog,Wilmington,IN_CITY
vnANhbKBSyn_Kxul3ReR9A,Wilmington,IN_CITY
0EYptIjdWCC41e03GBWwOA,New Castle,IN_CITY
xJ2-lBf5qtfyDCrAwrOpdg,Wilmington,IN_CITY
ryqbpGS2tPKo2d9DkEdf4Q,Newark,IN_CITY
OHtGdFojocDNolQYDWLnWg,Wilmington,IN_CITY
LsMs0NL9jBukdsPqTP-sOA,Wilmington,IN_CITY
qOFcDjpUw5oeV7LIdDAubg,Wilmington,IN_CITY
cemvFp_hGI_6ev5_pd9Lew,Wilmington,IN_CITY
lkAzVdzEZE0jEU91PmvQhQ,Wilmington,IN_CITY
-jtTmbqX3jeMs4z693SO4w,Wilmington,IN_CITY
N_Pv_9FMS47hR3w6TH4rmg,Wilmington,IN_CITY
W1TfZnKeZxP5KaNPB3SXxA,Wilmington,IN_CITY
9XzPqLGIkuN1rmqWH7aP9A,Wilmington,IN_CITY
ja-xLPyx8Ha3tJ-tx-0CCw,Wilmington,IN_CITY
AED1P8U_kyYerD1OPndpTQ,Wilmington,IN_CITY
fqyKLWyaBHAz8I-FhEsruQ,Newark,IN_CITY
nyISj6w5j8OBgbG88C5rZg,Wilmington,IN_CITY
FWasI2Kq6OGBN60pvN__wA,Wilmington,IN_CITY
7soL3w71DCyyoC9XKLODkw,Newark,IN_CITY
bOsKg2PXQeSjTPWYNFnKxw,Wilmington,IN_CITY
nGcfY8qVamkNIW7emQlfSQ,Newark,IN_CITY
uK-mJE9L3P4X80gKp69i9A,Claymont,IN_CITY
_6BiItGONFUlzOYEYBMFkA,Wilmington,IN_CITY
yEHnyZkYPROFuSf8jDfVVA,Newark,IN_CITY
13l05k8AeGBJOIp5H4wlIA,Wilmington,IN_CITY
4B1NLfBJRfeJ_7bKVTNa_w,Wilmington,IN_CITY
Ct_g_xmNh1wvpfTD-QLI8Q,Newark,IN_CITY
plf8Gya3Yzhy1pA_pUXWyg,Newark,IN_CITY
OIeYD36y99Q6xObzwCJPwQ,Wilmington,IN_CITY
8zSe71yhFMeydp1UKJrEEg,Newark,IN_CITY
trkKocO5llb_3z54Q01q9w,Newark,IN_CITY
0cLTDo4xyBWCxp0bMmwjIw,Wilmington,IN_CITY
TPYRKrXsdUfOUQNFm6w_3w,Wilmington,IN_CITY
S6ACtNZ5wY0EjmK07iWUgg,Wilmington,IN_CITY
CUHE082XLb3X-vKsnFp4aQ,Wilmington,IN_CITY
it6lzjNprkWZ2oKIHdfslA,Newark,IN_CITY
752g7SDnEV4Jcj_fsEvWxA,Wilmington,IN_CITY
jFUhWIXq4dDyMY5Z1yzwQg,Wilmington,IN_CITY
Wbqv9rUtbNanq-hhegOYsg,Wilmington,IN_CITY
DYIwMZs0aA0VqvzTAMuxag,Wilmington,IN_CITY
5pQ2MsxB0eV8NDPJMO2DSQ,Wilmington,IN_CITY
GLdfpx0O93HoIJfHonV-JQ,Newark,IN_CITY
UGRRI0KG9S8WI-oWTaPaHA,Wilmington,IN_CITY
YLzdt-K1lTH-SaE8j5NqIQ,Newark,IN_CITY
_BDXbsPPdSj-MbdwdICqAg,Wilmington,IN_CITY
iGJ6-XgJrOkEgm-ahmS4sA,New Castle,IN_CITY
ht70fX_P9ufTqDxIjtbwpA,Wilmington,IN_CITY
VkHexf3mBy-8hu2vsSVd4g,Newark,IN_CITY
e4GIbSFHess2qAopZNzxMQ,Wilmington,IN_CITY
9KPLUSHOx2vgaK7n_tYs2Q,New Castle,IN_CITY
vfaKBk38ajlSYnXBc9dmEQ,Newark,IN_CITY
JqdovxCkzQgj872gX4qZxA,Wilmington,IN_CITY
B61ZWIX1AEl76A2WEdDZMw,New Castle,IN_CITY
yoOKenFN8L3BS80iOi083A,New Castle,IN_CITY
YFIk4noVT4mrdF2fiEr85w,Newark,IN_CITY
XxptQeCkYTcDy4gQRAg9UQ,Wilmington,IN_CITY
1mDmIanzPk0zEEytGdtaHg,Wilmington,IN_CITY
ga8LWom8Xzu0ZKaohW7Jtg,Wilmington,IN_CITY
6pWjGY72eQJ99Khs2adWZg,New Castle,IN_CITY
jMOIi_o4pmPwR_Q8P7gS5Q,Wilmington,IN_CITY
mNKL1JPiN2zBrUmIgTM56A,Wilmington,IN_CITY
_-OXe_vQnPRZp7-JBqXmbA,Wilmington,IN_CITY
B0SPP0RsKkJxf6zK6mG9kw,Newark,IN_CITY
vkffDkvbUwkgEXoBbCAXng,Christiana,IN_CITY
5k1Hk_ETYdNASh4IrmCXKg,New Castle,IN_CITY
z_MefzpYwQkxXorCdQTUjw,Newark,IN_CITY
luUGLqA3Gxv5raCJOAzblw,Newark,IN_CITY
zgSZxYaCI0wcMTR0Dxd7oQ,Wilmington,IN_CITY
V291Oax3fUUxUzXnOpOqCQ,Newark,IN_CITY
Iud8PGRJx53S4zpBVC2pSQ,Wilmington,IN_CITY
yJ2585fQD8lcuckZ4QIdmw,Wilmington,IN_CITY
e4Ykq4wvcUmBQmJTMd3Vzw,Wilmington,IN_CITY
Nr2_KH54XKYxVV99zLkm_w,Hockessin,IN_CITY
L7r4uOZT58z1Vv-rGlSZBg,Wilmington,IN_CITY
Fs08fD1W5krz7vkc-qmpAA,Wilmington,IN_CITY
bjE19DpRbN-OgTMVaMwpJg,Wilmington,IN_CITY
kehm5RaeTwFNT43jfm7BSQ,Hockessin,IN_CITY
9tXwyr5Yqu4WnuCLOUPtrQ,Wilmington,IN_CITY
veEVH9fwkhs_iR38LlK2yA,Wilmington,IN_CITY
9QsamgtWTCpiYVrFr-p26w,Wilmington,IN_CITY
IiWJAgqRZnccukTwi_YjvQ,Wilmington,IN_CITY
Da1Cc7gaouF_2avorSj-PA,Wilmington,IN_CITY
ssCzAwPICd79FWhkqdpgBg,Wilmington,IN_CITY
Un6hqD_6kzW1VW8SVuN7SA,New Castle,IN_CITY
-VbtijUhH4xVP7cZbEo6-Q,Newark,IN_CITY
XqOSW0xVG7796_l_5-ai1A,Hockessin,IN_CITY
skP6KUZgrEzY1udMSfBOyA,Wilmington,IN_CITY
FB8GTSt4sBBNA9yZPZ4teA,Newark,IN_CITY
_6BDxk8486ZYiRwpPmQewg,Wilmington,IN_CITY
gV-u_5SA-htqslt2yUaLgg,Wilmington,IN_CITY
ZzN0X75GAtJTd-WOdPGNtw,Wilmington,IN_CITY
-q8Dnex7CtMFkg04gDd09A,Wilmington,IN_CITY
Uq-y9KERobbe95mVet8NWw,Wilmington,IN_CITY
VmxGFqtplC3yIOClQ3Tulg,Wilmington,IN_CITY
aqLHq0LCuqgVVjcsjeyTbA,Wilmington,IN_CITY
wANOZ3zhbnWMchaeHfksSw,Wilmington,IN_CITY
_e0k_CGqUSp0_c17GaLSzg,Wilmington,IN_CITY
yOWecDeW4MIBj-Hbpen3Pw,Newark,IN_CITY
qWLHeczMVxxanXnMldknJw,Wilmington,IN_CITY
s4sR4VUo5bzMcpXuiAj-EA,Hockessin,IN_CITY
fg82H-02ojEUHAgDKk0Acw,Wilmington,IN_CITY
4sZVseAd2XZrSReEmBlMFQ,Wilmington,IN_CITY
FXyX5mm_2daiHTzEMukVEw,Wilmington,IN_CITY
TqDErLK4t0TfSiFzxuocuQ,Wilmington,IN_CITY
t33PAjYsxtFw--8NpLKfNg,Wilmington,IN_CITY
Lmb-iJGzBu_1W-dEvB3TBQ,Montchanin,IN_CITY
6T-hXleL9aMLf-sezBjs9Q,Wilmington,IN_CITY
Me4mO0eMVp5ZY3Smznr7tQ,Claymont,IN_CITY
1vMvq4kXlOmSdPDWp_1shg,Wilmington,IN_CITY
CBDzS_gMn_-jO3_4XXVYeA,Wilmington,IN_CITY
XmlF_2NbH65tDiSd2u2M5A,Newark,IN_CITY
4JR06JiS8W8ieXoF1ZWkGg,Wilmington,IN_CITY
k2qArgJgsWWrtWT_r0rRlQ,Wilmington,IN_CITY
srk9xvVrkXrEKUP-7oXAfQ,Wilmington,IN_CITY
8o3w3Tu368WTFz45rMLvYQ,Newark,IN_CITY
VBt9CM3hcetWVDREp-_IrA,Wilmington,IN_CITY
VfkltVSN0Yhyu0Cgwhml4w,Newark,IN_CITY
wP9W_KYu7qASDfkVZDP87Q,Newark,IN_CITY
t13D7cAJSWtJj19uatqoXA,Wilmington,IN_CITY
4OX0hYoXnXB9ihtptZByug,New Castle,IN_CITY
s_sEMaNkRtwjEFJfStaOgQ,Wilmington,IN_CITY
d9-_PYtP-qklQ9Q7iLU8cw,New Castle,IN_CITY
_yqi2ut_GE9R13ZmMoqz1g,Wilmington,IN_CITY
EP9K6qXOyHFq_0tp93wh9Q,Wilmington,IN_CITY
LGYzaCmNj3_FiG-r8U1-mw,Wilmington,IN_CITY
wz_wBcvlHhLi6DGKi_MPOw,Wilmington,IN_CITY
b2eIruLWQpwgeoSWExmTVA,Wilmington,IN_CITY
YCLI8aFvdM3uUE-MgrPJZQ,Wilmington,IN_CITY
rt-b9ewIBHvlYlNuoCx2cA,Wilmington,IN_CITY
hJvw6uua0KFIfBF44Hf2Eg,Wilmington,IN_CITY
L-vZQuTZFNqjRdXdUnlurQ,Wilmington,IN_CITY
CE4huEPSU8-7CRoxqcNfBA,Wilmington,IN_CITY
h3mMPUeFLnd6JjlztFBRXg,Wilmington,IN_CITY
Ick2_d3ywqp7d7Sf1Keb6A,Claymont,IN_CITY
gk3hzKydevLKZ2FVmJdt-A,New Castle,IN_CITY
5mJKPbzXp6PyFcIpHN4RlQ,Wilmington,IN_CITY
jRbCgGm1cpIcBZf-vOhJvA,Wilmington,IN_CITY
2vPU40ZWpAfL2e5iAfJmaA,Wilmington,IN_CITY
FQbLZ_N_VuinjfBFxzK3TQ,Newark,IN_CITY
3RvolkfkPzFkAHKWEG0Wnw,Wilmington,IN_CITY
L3E-e_f-io2kcnT-hDbT4w,Hockessin,IN_CITY
87ufxVV8RjtnLJjwjKG_nw,Wilmington,IN_CITY
6cJQb8SEUqti-0S04e9Yow,New Castle,IN_CITY
Y1pykNVnghzVSW775FjP1w,Wilmington,IN_CITY
5Ubo-2HLRnCCo8Pnq-v-cQ,Wilmington,IN_CITY
qJcmu67ZEQ4bd1m9Kh_T1w,Wilmington,IN_CITY
MqJlz0N3ujhtZCWnJmOpZg,New Castle,IN_CITY
YCPSELmCiZGB0xuKd558uw,Wilmington,IN_CITY
eRHLp-PimreSNP5dR41nVg,Newark,IN_CITY
hH5J-JyOWUjDvCrXBwr2Wg,Wilmington,IN_CITY
47IVPsHZAA0soPvidEnNbw,Wilmington,IN_CITY
j8Tp3nm8PYtO2exarX8zVg,Claymont,IN_CITY
LhQ_DPEESCNf-hy-GrrMdQ,Wilmington,IN_CITY
yJ3PJRDGKjnsmqW7BFbB_A,Wilmington,IN_CITY
FiQtALz4rxB-vCiq7ytrSw,Wilmington,IN_CITY
PADyvVwZoY8waIraBOrN7g,Wilmington,IN_CITY
h4xFP51FllJyCReUnzH6Ug,Wilmington,IN_CITY
JDBjHAYQozrnkaph5XQTTg,Wilmington Manor,IN_CITY
1lOOo2L-Q9jvJAs-nN9dlQ,Wilmington,IN_CITY
5tSloJbLGvllqnn9neahLw,Wilmington,IN_CITY
NO6mSRC0hE-cl7CwdRPxmA,Wilmington,IN_CITY
JXXjN3mw4zKdBTpRtVQKcg,Wilmington,IN_CITY
Vg48ETIyEP9MALSqfDLGmA,Wilmington,IN_CITY
0wX-W6ljNl0qJVEaE3tEbQ,Wilmington,IN_CITY
MsWmW4SkisV0uJIBxeNstA,Wilmington,IN_CITY
vJLbVnnZFb_kiUMjGIWsSg,Stanton,IN_CITY
_vpIEol9cEn3Y3KLpwbGkg,Wilmington,IN_CITY
cg-5DuEk0AMzuILNx8FGtg,Newark,IN_CITY
BnbHihkBM50Xq-uBy5bpcg,Wilmington,IN_CITY
_CYSduKMEb9c_q2zX63dmQ,New Castle,IN_CITY
FzlicQyHeIbLGreKpfrOmw,Wilmington,IN_CITY
JdY3_VeTm-dC3MG6Uzi1Lg,Wilmington,IN_CITY
O4pbnpQYTSifS9plCU06ig,Wilmington,IN_CITY
tb7o44eBlw-mLux6ODIXGA,Wilmington,IN_CITY
UGHVZSx-t_bVeMfFE-MYwQ,Wilmington,IN_CITY
zXQ2dEqAmUQfacYCZLehpQ,Wilmington,IN_CITY
Gu_CWWSWsd37hpJyEHmgTQ,Hockessin,IN_CITY
jeL2UXjzEqjAj9hXhIdagg,Wilmington,IN_CITY
m3tc5lXPk0VQB8gjYANXIQ,Newark,IN_CITY
0CennNWmhiYdSOEkGr7vkw,Wilmington,IN_CITY
3lz2SeaByGnNHkqefOOw7g,Wilmington,IN_CITY
_GWFsg1dl--bf7SnnCH4zg,Wilmington,IN_CITY
rC8BSNd6Anq41TVkP92kOw,Wilmington,IN_CITY
zJo7j03ZP32Ou3YdGh5fQg,New Castle,IN_CITY
WjfKT9KFRIufHXQkXp8Kzg,Wilmington,IN_CITY
23hSJ8QvSK0J7pcqXARrOA,Talleyville,IN_CITY
timmWUfeZ0ES0-mGnY5E2g,Wilmington,IN_CITY
YPk2HzBuz3Pro6snB5l3KA,Wilmington,IN_CITY
3KAW3nQD8w-eRy6U3sM0Tg,New Castle,IN_CITY
BMM41XabMlOBDdv9A-P95w,Newark,IN_CITY
YTVRcMtQ0-dPkITAHTiZ2w,Wilmington,IN_CITY
jBgAnt-Espd14jxCshc1SQ,Wilmington,IN_CITY
5RZPAro3mrnVVIQ9FESIyw,Wilmington,IN_CITY
K0Cw8KXgF23sEji9TnfBkA,Wilmington,IN_CITY
GUapKeZz8THjpuS3urS16A,Hockessin,IN_CITY
4iuNK5svIKV_GrbSwAXM6Q,Claymont,IN_CITY
EXEX90O-ULvk1FB-q0WELg,Newark,IN_CITY
LTEpFgVru40dLvg1dsaD8g,Wilmington,IN_CITY
byc92hBKz0DKvjcpl76LRQ,Wilmington,IN_CITY
ut9lc20Dq7tUH0tZMKic1w,Wilmington,IN_CITY
wzR95QhtA8xn7cLEfsQWmw,New Castle,IN_CITY
wyUcCSAhlgxNJvh1EmmobA,Wilmington,IN_CITY
z_mI02wyyYD6PJ9wHqY1fw,Newark,IN_CITY
KyRjvo1p7pQlyRsGHKOUHg,Hockessin,IN_CITY
pIoIdh3M-RQ9ohTtgzGd9A,Wilmington,IN_CITY
cDY4-OYo1IOGzxrbS4p3iw,Wilmington,IN_CITY
14V1okj0kDg2JU6ykdeKLw,Newark,IN_CITY
9rqb7gBJPbsFuESZfVMaXQ,Wilmington,IN_CITY
wST1GG4p9sCoOuvKKvLVWw,New Castle,IN_CITY
WqjT1iiNEzr8P9kis0GunQ,Wilmington,IN_CITY
uk_3KQEx_v-cV0GO1yvyKA,New Castle,IN_CITY
UQxzV_rY0rdbW9pPR2dsTg,Newark,IN_CITY
lgxwrbvtz-Vqhc-oryi5qQ,Wilmington,IN_CITY
jns8FlhfwbGfsE10eKLBnA,Wilmington,IN_CITY
F82shtmHPubyaRgwJVdf-A,Wilmington,IN_CITY
S7A1UW-wCpPP70d9mEbc1w,Wilmington,IN_CITY
Nb-kpSwmX_LA-1fnvfRT_w,Wilmington,IN_CITY
YXceGbVTwnTHsPbRb1gp4g,Wilmington,IN_CITY
ZE6HI1zBSlGDYAUXzvVixg,Wilmington,IN_CITY
kIiFXhJY5mymV8_25A7jrA,Wilmington,IN_CITY
QnAhrSePleZX_Tof5CR3hg,New Castle,IN_CITY
YvkadIJ-G9OPpnCOSW2ISg,Wilmington,IN_CITY
nvpT3yvXm7fPDZlkzkf2fQ,Wilmington,IN_CITY
SxyKh33vZAUevgqQ5CYGtA,Wilmington,IN_CITY
bjZQ8Ql0QzlRW6GgdgIytw,Wilmington,IN_CITY
W7IXC4Bq5jXOQVV6Cu1OSA,Wilmington,IN_CITY
yvVJxONMGqOzO1ouw77J3Q,Wilmington,IN_CITY
Sm3LFPwOdn975HvcfrqDOw,Wilmington,IN_CITY
86vyH37R2Edv0zKBc1lQyg,Wilmington,IN_CITY
PXVw9DhzDDtq0TGcsdYsIQ,Newark,IN_CITY
K8kw1ylsCTeEAAOY179feQ,Christiana,IN_CITY
1fwJTdGs4Fsm_mguZX6SFQ,Wilmington,IN_CITY
dmj-6zHdO8R76-pdqiV8nw,Newark,IN_CITY
rXieH75VhdR2pQhf1CWxhQ,Claymont,IN_CITY
q7J8uBa2o8a1iac_8x741Q,Wilmington,IN_CITY
u7bo1o8ry-fvb6PbvtZJzQ,Wilmington,IN_CITY
BKlw_Ao7FK01I5j9w_EXwA,Wilmington,IN_CITY
EMVKCwf8Ck0XsADY_kCWkw,Wilmington,IN_CITY
-L4ZVlzmrVKCs6F7ucgikA,Wilmington,IN_CITY
ym3e_a1L4gyKZWU1-LuRYQ,Wilmington,IN_CITY
a2NKecVY4wof4NGSc4hFXg,Wilmington,IN_CITY
iQa7kNO5jMkGeJCJzbCPGg,Newark,IN_CITY
i92ouDpINZXfL5gov7I5Kw,Wilmington,IN_CITY
7U7IgKCBvUqHDoZvmunuAA,Wilmington,IN_CITY
OO5oDYrIYlJaoFAFetrW-g,Newark,IN_CITY
V71KzO8mXPK7E8no2FN8sw,New Castle,IN_CITY
2WOZLyI8pRNF5HSl8RAeaQ,Newark,IN_CITY
lR5MEog_4Xr4Wkw5bEWSNg,Claymont,IN_CITY
eunaT5pF5ffyNUm0O8Zcrg,Newark,IN_CITY
oC43ya3FFAG256bEXyXm2g,Wilmington,IN_CITY
RnF36ZCuwHxpoFXf2aXX1g,Wilmington,IN_CITY
OQQEhFY3Nvb5_jkmcQQDyw,Wilmington,IN_CITY
Z3QKriJ_9J8gIy8C4QzaIw,New Castle,IN_CITY
e7eiRgVzH0v3GXDGURgf9A,Wilmington,IN_CITY
uSRW0_iRB_Ri_qO_fz9VjA,Hockessin,IN_CITY
WhQbHbOGtYas5LdNr2OQNQ,Wilmington,IN_CITY
giGFpZkRy89cUzgTuyfNGA,Wilmington,IN_CITY
9kRo0ULH--EDQwI69Shw-w,New Castle,IN_CITY
FN1sLS5hfMydZX94SYD1QA,Wilmington,IN_CITY
XuH43OxI-NmA5-KbM5auvQ,Wilmington,IN_CITY
riwJWxj4850tGBhRahDt7g,Newark,IN_CITY
5c_jYz4IolgGdrJLabSTew,Wilmington,IN_CITY
8hWGADp-m3NzX1-oSXPwPQ,Newark,IN_CITY
Kk9WgsCJEclBbhWXxeL1TQ,Wilmington,IN_CITY
NsTtjA9ZuJVr6pHApkOXsw,Wilmington,IN_CITY
TB9Oi-HliFy7yycFFzvm9w,Wilmington,IN_CITY
8aZFTAunMPJhv0Zz4jHWGw,Wilmington,IN_CITY
OSjSbJEyIkey6tcTgL9y3Q,Wilmington,IN_CITY
T7pfUqFPaxJWLquFePSLcw,Wilmington,IN_CITY
Uz4ezmjEr2SawQL3zRcoZQ,Newport,IN_CITY
K32hC2muzKilZkUs9RJhcw,Hockessin,IN_CITY
pe4nl6zFDnoYx9ZaMOl-3w,Wilmington,IN_CITY
FrkGJp1WIxpFFT07Qbos5w,Hockessin,IN_CITY
q2SSz2-nRYWeFG2EoUMuZQ,Wilmington,IN_CITY
ojmk4fKI4_8ZqRggwlxUpw,Wilmington,IN_CITY
ELX24jqeRWZbR-Dq6wrnLQ,Wilmington,IN_CITY
6tQrTyDTs5hWh5e4LlPLCg,Wilmington,IN_CITY
tILA8ctsD_OZIcM2IfSyQA,Wilmington,IN_CITY
vRdQizZLDFVh7TA9koOq2Q,Wilmington,IN_CITY
ELgR35KIlpuTMeWi6tFP7g,Wilmington,IN_CITY
ifEkf8JxP3RCBeszcIGLww,Wilmington,IN_CITY
VbzoVWEPSfzaIGBq4KlVwQ,Wilmington,IN_CITY
z9i9Tym7T64lMDg70Ii9hw,Wilmington,IN_CITY
QNoDyRjQTmt2Pt1K4xHW3Q,Wilmington,IN_CITY
96z5LhtPc2RQgNabJvrCJg,New Castle,IN_CITY
kBt6_fX1pZzizIMXDtD7og,Newark,IN_CITY
zLDQl0CEv3WNSHAB1g8xXg,Newark,IN_CITY
gd15-d7r2joRjkcXywMWUw,Wilmington,IN_CITY
JvFDMS5yryf3lDwUPAb6OQ,Wilmington,IN_CITY
Tr-8_aJ7VgywoRk3sMC4Ww,New Castle,IN_CITY
nXZS5W8-4VztBpjYIinpNw,Wilmington,IN_CITY
P_1mSczqlosmm4ahM8v6LQ,Wilmington,IN_CITY
SRg4QRR7xQrZ6cp9u8VX9g,Newark,IN_CITY
r6MBlUIS8_U1JINh8HJZTw,Wilmington,IN_CITY
yCgoR5GRjPXZXpdwHMUqTw,Claymont,IN_CITY
Ni1KrIwBlv489_4GTzXGEQ,Wilmington,IN_CITY
nTIbCcAYMRrzUm29h0dk8Q,Wilmington,IN_CITY
-M9uwwh6jHbzjHOm2N5fHg,New Castle,IN_CITY
bDFk_io_k-6To1ul3h3tuA,Wilmington,IN_CITY
CZh7ag6mlr-4AMNkiEzHRg,Wilmington,IN_CITY
XIBoAKSB52c3BYXnbLpgaA,Wilmington,IN_CITY
KMxOsLntxetLSVUIf-uG4w,New Castle,IN_CITY
UK-v9kE16bUrifXmzfFxUw,Wilmington,IN_CITY
oCo71AEK7x-CGpzVg56wRA,Wilmington,IN_CITY
aQNDJ0WyuJZK-ZwkZqJq4g,Wilmington,IN_CITY
z00F0RSAGimvSU9IrTevOw,New Castle,IN_CITY
W0hyjefq4YWl-uV-Hye5Mw,Wilmington,IN_CITY
MxfQ_HrOBrSPSVk24CAb9A,Wilmington,IN_CITY
h9tUG_bLdX30YAED9q0Fsg,Claymont,IN_CITY
aeZmTIjW5MbEARJC0Ch1rQ,Wilmington,IN_CITY
V0ffRTuD2eZkUn6dyZAgRw,Wilmington,IN_CITY
FNDX_9BaClbnmJyZI0mndQ,Wilmington,IN_CITY
YNWEM2NVocUl6d74yRvpug,Hockessin,IN_CITY
HmeKJIWJaJ7u8V9NhnZIEg,Wilmington,IN_CITY
bS6aPaOR0X6OH4eFeEeUfw,Montchanin,IN_CITY
MAQ3xsIxI9wbvilPYkvmVQ,Wilmington,IN_CITY
_PlmFAlaUQHdQN6rli0gzA,Wilmington,IN_CITY
6X1uRuf4Ykdt0prs_xqz6w,Wilmington,IN_CITY
f3qKagX8q2lnz1O6Ulck7w,Wilmington,IN_CITY
7L6pFDZN7jR2KqrDuxy-ng,Newark,IN_CITY
wu4zVzAeTIClugvU_X4meA,Wilmington,IN_CITY
IrD6smDjZM-Rt7B-SJDp4g,Wilmington,IN_CITY
iR5MI7ch9z3AYiqxBVLJLw,Wilmington,IN_CITY
9zOydjYJlIqsnJYtWDNP-A,Wilmington,IN_CITY
iWFK7U-wBR-68X0VFrSkNA,New Castle,IN_CITY
9tQG4U90-x7Ha2_Tdg4Xmw,Wilmington,IN_CITY
kLWpuSBJ0MGM7XRNlg0EEQ,Wilmington,IN_CITY
v6AlogsSBf4sxrVHcSnMHQ,Newark,IN_CITY
J4zpaa-HozFmRt4hYGlBuw,Claymont,IN_CITY
Q6_cM-2YjN10hgfs35Ml6g,Wilmington,IN_CITY
lxuRSOi2RCW2yu0HT7GBEQ,Wilmington,IN_CITY
YIaZeWePIaddftxUoxRh5g,Wilmington,IN_CITY
UREmwQBCMimpOuFyKPW3xw,Newark,IN_CITY
B5S_5MCYNWvcz0qn6dnTUw,Wilmington,IN_CITY
P9pwQW2d-M1YgYQH71K-qw,Wilmington,IN_CITY
E-3TJ8yFXpUSv1aThsVfZw,Wilmington,IN_CITY
nN8plg8HmBSb4c7zdCZALQ,Wilmington,IN_CITY
7UFRDoDdwC3_Pt77FzaJfg,Wilmington,IN_CITY
ZlgwjiDDgsXl_rzR3XYwhw,Wilmington,IN_CITY
Z53I9xwy0aMRy577GuM1KQ,Wilmington,IN_CITY
ZlOWflwsH8mMtyMlQgYWZw,Hockessin,IN_CITY
sSEKLTDGKdvOqevbfoBbiw,Wilmington,IN_CITY
EXEzZQObGgWlQEHqZs3fLg,Wilmington,IN_CITY
aAslC0l5mZB8oJNbld0byA,Newark,IN_CITY
rDy9qZZEq-mbKExVQNTaqQ,Wilmington,IN_CITY
AaRpbFg8-dazKyKmoh65tQ,Wilmington,IN_CITY
_95ZY2UZrasSfuoDD_E1YA,Newark,IN_CITY
Pn8fn5d95xGhEd-LADm2zw,Wilmington,IN_CITY
f5KbR9Ty05qgJvFbMm7fjA,Hockessin,IN_CITY
QENmoWh-mSKD8cBaK8lYhw,New Castle,IN_CITY
N9L1B3TD57wyDl7f3Awlcg,Claymont,IN_CITY
e_OEKGsZEndFkqcVyVb3Rw,Wilmington,IN_CITY
2O2K6SXPWv56amqxCECd4w,Aston,IN_CITY
