:ID(Business),:LABEL,name
Dy91wdWkwtI_qgjAIZ0Niw,Business,Taqueria Los Primos
_Oksx3ALgKLRVxeAR8l_qA,Business,V-Trap Kitchen and Lounge
_NhT0A3LUEd75L_cEXf2_A,Business,Season's Pizza
A_-Vv5oKZNqxsV69_7E2KQ,Business,8th & Union Kitchen
JNH-hcySeuGmtI_t8dG3Dw,Business,Del Rose Cafe
ekBvLA43oEWEswUXZI0bYQ,Business,Shawerma Palace
5R6YO6K9PkthkTbXqV9slQ,Business,Sakura Japanese Restaurant
iXemjTj5TOByT1-cNTSaDw,Business,PureBread Deli
5ODCsQbRdsFIWlypGF3iUw,Business,Brandywine Brewing Company Restaurant & Brewery
s-7Q1GAQmB-Qsm_UwviHVA,Business,Lone Star Steakhouse
59fWFpyDg01BTEH-Hh6jdw,Business,McDonald's
YdpDpp130fxiX2DUdQLSqg,Business,Bardea Food & Drink
EROSyhoWNCUH53NrDrsHgQ,Business,Mary's Kountry Kitchen
Vo4NZBtF3mr6EJitNnq-Wg,Business,Pizzeria Maki
xNWueX3uZjmixQUkY38GzQ,Business,KFC
sFtEbnWDtIADseyr8Lx6Qw,Business,Spice N' Nice
ulwns2OavT81v6zG-Sk6ng,Business,Wawa
B6zs6ywn7TfhOmmDtuWQkw,Business,Farm a Sea Bistro & Crafthouse
qmDm7guS7TAZTSDFYY2bug,Business,Pizza Hut
SkWaAf50KiN2m0zXfnAuiA,Business,Luigi's Cafe
D392vqhMjDPkHw1U8p66Uw,Business,Maryland Avenue Sub Shop
O1gJVygW6UVgKCpErmYZfw,Business,Subway Restaurants
ggJXlslLYndvE7n3hgJBCQ,Business,Capital One 360 Café
CKKY7kxtznKVzm9FBzAL4w,Business,Little Caesars Pizza
Q4OTSH9DaoeqtYcg6qYtZg,Business,Subway
OlOVRlcEstxKK_6hMjy63A,Business,Hollywood Grill
eNxh94Ogxwuomg7JsZu98w,Business,Adda - Indian Grill
o8JeOB8HTa5HYHg6hfqTHw,Business,Walt's Chicken Express
7Ld1DxAhSlGSateku0iqbg,Business,Ristorante Attilio
7O7YHTUB3uqXHsQSLKR0SA,Business,El Jefe Restaurant & Mexican Grill
MZW_eTFYFBvHYg5OFqDRCA,Business,Red Robin Gourmet Burgers and Brews
i2qrXvLkhyG4xyRI-ddcZA,Business,Baja Fresh
yDiWYpuzRxcTgSi_O4JZpQ,Business,Masala Kitchen
ThZyytdc_kj2uBYFiSao-A,Business,Arner's Restaurant
uoMWvXch6sWnI9FMsE_-Vg,Business,Cafe Napoli Restaurant & Pizzeria
02kw1y-cUK5v_u5BaAQvjg,Business,Arby's
fCFUlCHG4spZ3O0vbqnYjA,Business,Pat's Pizzeria
LSxmfbgcZLdQ5ai2vf2nmA,Business,Zaikka Indian Grill
psD0qpCK-iENFO9c8hmnkw,Business,Famous Crab Cakes
c4D851qxOujE5KTH8upXTA,Business,Wendy's
5RtAJPXFLTzwALIe1mtNuA,Business,Piree's Piri Piri Grill
xtbAqP_Ftb3kYJ53Hv6H5w,Business,Top China Buffet
ZB2T9dwB4vhHPsJC_4eOnw,Business,Nordstrom
mtowE4p6gOgyGrHAsMz-rg,Business,Eeffoc Cafe
f9iPWhAeA_IKCF-aPcud1A,Business,Philippine Bread House And Restaurant
ccEgmgcc5uLJejser0UD0g,Business,New Castle Bagels & Deli
oS70RVt-RegY3Ts0hLASQA,Business,Saap Lao Thai Cuisine
N-_ilHVIMQqzkga7nHfA8A,Business,La Tonalteca
VMiDHHR-JHgB4ZoVluxpLQ,Business,La Tolteca
ixsljpxu56VCTtayIELqUg,Business,Tokyo Sushi
3zWNxtRhyR4rLPfXyQgSyw,Business,Wawa
XF86J5bJKkmueBL-PmPbcg,Business,Subway
OGbdvZAvSZ30l8sde9GSwQ,Business,Mr. Pasta
wWcETNWBnFEi1J_W_9hXJA,Business,El Fogon De Tato
DAcqRGI_u8yNCcUIczfNxA,Business,Wawa
gTM5c2B3X2nEvYg6Jlw_EA,Business,The Mayne Dish
k9W1gDPg4TziOTqY_xjTyQ,Business,Friendly's
hFa7UxRZgJDQJ3UBhQsu9A,Business,Piccolina Toscana
_BqPnypB6wPZRPbEqtKy6A,Business,Grotto Pizza
sKQ0KYon7eT6xEnCpb18aw,Business,Chili's
MmFNgQrsPrFWUx6Wr3KS1w,Business,Stoltzfus Sausage Sandwiches
UZkuF34Plfao49I9dylzXg,Business,QDOBA Mexican Eats
iCfB58Cvb_rw_SDAgPXLfA,Business,Russell's Quality Food
sTQZ6WHggp7pBnn7mW7y0w,Business,Dreamers Cafe
citzbW-2MVEZRNBqpVO-Jw,Business,Buffalo Wild Wings
jVJH1KfitQi87MYMh6vyMg,Business,Anthony's Coal Fired Pizza
iJKOUYgigs4VYsWny6AtEA,Business,Ciao's Trolley Pizza & Grill
W6S482dRQ_9nCcLjfv8VNg,Business,Bawarchi Indian Restaurant
XYoyLbHwbBJShaZltxsAYQ,Business,Popeye's
7ELSYoA2CZx8UPSLrvhOXg,Business,C & C Country Maid
1Ye_elsSB-XjKgWAHDwPbw,Business,Applebee's Grill + Bar
fLeD_h6uD4yEN2ciI08RiA,Business,Bubble Shack
JaHuWM3Tp1aG7NW66mhutw,Business,McDonald's
5IFqqWJTaPNoY2ZgRlX73w,Business,Cafe Verdi Restaurant
MTjS4g__WMgA-PPMjCL4fQ,Business,Popeyes Louisiana Kitchen
19fHbf0qzihtEtXQZ2ntww,Business,Walter's Steakhouse
ScXJHSCceQao6K87VK199Q,Business,Mona Lisa
8zJsbIVBXDoGaEmQNicjdg,Business,Fusion Spice Bar & Grille
Y4eaKcLP0hCIfvhknOT4uQ,Business,Crossroads Restaurant
5cvVmZYhYr1P0ot0ed2lJQ,Business,Riverfront Bakery
oQcV39W4ApVURMAXd7qhzw,Business,Masala Kitchen
dsglOxl3QNlMzidRhZ4NWw,Business,Papa John's Pizza
O7vMyd_Lg2-1DTW8VPFwcQ,Business,Three Countries Pizzeria
8k3m4HBZB0h--N98bV4j8Q,Business,Chick-fil-A
VHJBGikBqXpdc6mc7qtQ8g,Business,Simba Tropical Grill
gdV2mdEGR_kPA9EW6r2Qeg,Business,China Inn
ilriW8ywq5HFs56Ux8pftw,Business,Ciro Forty Acres
hAV6BW2gfdtbDhxeBJUvIQ,Business,Lucy's Pizza & Restaurant
MkYu8dMDQFX830cIqMo90Q,Business,Old Country Buffet
pp79bmyve2egmM1_9Rh9Fg,Business,Margaux
Z5gHx5r8Amn_LB4eNSJs_A,Business,Adobo Alley
wlzn5BhVMS2Kz3BYcTZIRg,Business,I M Coffee
sHRfeIQg6FMhjKkiNfaLgw,Business,Captain's Catch Seafood
fd_fNaeZxcZfUza3K6Be9w,Business,Marias Pizza & Pasta
N-EQ9UDuFHT9RyC1JFX5pQ,Business,Pete's Pizza
yQFHhWKAr2f8LNQvq-8NxQ,Business,Brown Bag Deli and Grocery
NBPOJO1QZE_65BM4qmQahQ,Business,Golden Castle Diner Restaurant
4VGEq2AHUw3uP2L51S8raw,Business,Cafe Scalessas
XOOsIjiMVQYB3An7z89Mnw,Business,Piri Piri Grill
TUU1mt51yasYH0QYwzKTEg,Business,Pachamama Rotisserie Chicken
1C1zjPi4rYwgGr8kD-1pwA,Business,Panera Bread
QrCC-AbRjY8J0jw-aBcotQ,Business,Wingstop
G01vpgoEWyYxESzZEij5sA,Business,Five Guys
koYe0Xt78lAigCvFRiCw8w,Business,Zoup!
yn57lTycvUvogODsFEyWVQ,Business,Palace Of Asia
LdGu5XlzAX0XalxAUMMdwA,Business,Kuteer
tvlElS5cQ6YVEVOb34ujqQ,Business,Coffee Beanery
HurD0KDmuuHVNnh1lGb_OQ,Business,Dragon Cuisine
cbfQNOgUYCu3Isfa6icYgQ,Business,El Patron Restaurant
hrPLZ99KVPz_7yxZVfc9kA,Business,Applebee's Grill + Bar
E55sNGuWYTRlH3r6_5OlOg,Business,Domaine Hudson
hF-Ndu77yzspMkDZv9bWzg,Business,Carmen's Kitchen
uH_nXWJn51aHspawHb-GBA,Business,Rosenfeld's Jewish Delicatessen
41lJbk2WXU3R0GKDKxRFPA,Business,Himalaya Indian Restaurant
H2HZ5Rz01L2xLzjJR8sQ-g,Business,Chick-fil-A
8vvMGaJ5biveUVE6-yTipQ,Business,FireStone Roasting House
sTvFxzQU_4bm-owSJXx0MQ,Business,Cromwell's American Tavern and Taqueria
p_iyQ6Mo33ZbGS5k5_bTng,Business,Burger King
qFsh80AAL90tkOc0n98bqg,Business,El Diablo Burritos
-AxGGm4yvhedkmN1glW1Xw,Business,Ming Kitchen
jpEhAUyitrgwDatsgeBgXg,Business,Bangkok House Restaurant
shIAkjO9IFa4yTM5EENPTQ,Business,PureBread Deli
OpUoLGa5NwOzuPutIAa1vA,Business,Hyderabad House
h3DUMo4oWyVQ9ZfGar6vPg,Business,Harry's Savoy Grill
KnXW9AQKAlGmQ9AU_77B5Q,Business,Asian Kitchen
nrlYIT438hkDub2ifE8DHg,Business,Mr Wish
JQ__Ee1Uuw8bWUu8E2CjBQ,Business,Hong Kong Chinese Food Pick Up
edFDP6O_R4n9BUXDMFqApw,Business,Jake's Wayback Burgers
VVqQvn29cQ2LZXJ_9rPa-g,Business,Celebrations on Market
uyXVm7lhbR26t5Jy20VYPg,Business,Bertucci's Italian Restaurant
Nvy1jETQItFjG0oyjpGk7w,Business,Farmer & the Cow
AjxhKYSbc1NrGOxAcqxb9w,Business,Biden Welcome Center
52RFRa6UlbIxy8EnWJQpjg,Business,La Tonalteca - Christiana
_ju1BXAF5g5QtAFfZZKO1g,Business,Brew Ha Ha
IugPZVHmgdGvOmNVi07ueg,Business,La Tonalteca - Hockessin
f4ykOH9Z-87b2l3Ea4HDPA,Business,Hooters
MIK2lBW3eFpPcy0vKxPS6w,Business,Bugaboo Creek Steak House
FGPFf3cZ0djSKNXNDY8IqQ,Business,ShopRite of Brandywine Commons
sX_vxWQuZu_EA1bkCX95Yw,Business,Tonic Seafood & Steak
mtXTk0-IRTS8d0w16ihRPw,Business,Dunkin'
ucDPodtTLX7LHZnigGRa4Q,Business,James Street Tavern
LwXkXDdsu1yWWcWAbt2fYw,Business,Mazzella's Italian Restaurant
Cv4QFI1gGGrgRSVnMU0qug,Business,Olive Garden Italian Restaurant
PHaAnZO3jkJeVaekf2zT4A,Business,Boston Market
UtVv2dVuHqpaJqnRwismiA,Business,Steak Works
Il3GDb6A7rGSYdt89Wb0Fw,Business,Paris Pizza
QpQ8CxC14jnNOdb7B2R6zQ,Business,Uschy's Cafe
CZ2KPQtt0ah0up00YK0Ypg,Business,2 Fat Guys American Grill
-eJJKj0ClOvumIYksYSdcQ,Business,Puff Daddy's Sandwich Shop
081vVr80-uscqGGaFAxKfQ,Business,Goat Kitchen and Bar
1DCPuF0_VZNLRvHEAVJJng,Business,BellaVista Trattoria & Pizzeria
zUMbBbxlBY0_hbAclEwDmA,Business,Panaderia Y Taqueria Lili
UXJEQycac7JKyyTVDjWBdA,Business,California Pizza Kitchen at Christiana
HsCX4E7_k-XXS-1iTz17CA,Business,Go Vegan Philly
W6Nc9Lt4n89sEBXqpCIGrA,Business,Pat's Pizza Hockessin
Z_xbp4N5MDssZxdUohybTg,Business,Main Event Newark
hBmWWvU6BSL6i_eYapOFGQ,Business,The Greene Turtle Sports Bar & Grille
YJgLVtH4IFzRTrlvTO2_Cw,Business,Christa-Bell's Caribbean Cuisine
G1M1OJmxp5dPY3rRYpl5WQ,Business,Bob Evans
jfv6PEdL5KchI-DGJlnbWQ,Business,Dunkin'
ExwZRGJcZ7eMfFalfQjhkg,Business,Govatos Candies
w0RHRKHj9g2G3H5LcrOiKw,Business,Scratch Magoo's
RzuUOVjXuyG9b8DctqAgFQ,Business,Wendy's
ujUb29BOYcUyhMcnqo4bWA,Business,Two Stones Pub
Vy9VN70aRpIe4yEo55VrWQ,Business,Cafe Riviera
ULrDH5eEndkbALvYEBhrHw,Business,Party Pizza
2CCPRNXRO33sYuotGG7MqA,Business,GARRISON DELI
-ShzgoeH2nvGG_TlNfMz2w,Business,Morelia Mexican Restaurant & Bar
t1KiSVmxADW1LaxA2Wtj9g,Business,Dreamers Cafe
jrNAkn21Tjq3n9v2n3m46g,Business,Grapes Real Jamaican Cuisine
uAlZsR2u3sArs6vuuHl0mQ,Business,Augusta Grille
0XXZSQpSbcbL1i4iK-Ohiw,Business,Embers
QfaobFtkXhyTirLQLkV82w,Business,J & C Cuisine
2ojUHZ_5H8_S0vh-rXpPfA,Business,Hot Spot Pizza
b8yPm2F9dHjJLu5NF-lneA,Business,Ameritage Bistro
k93U5RS4ohNqk9912QcyOw,Business,Capriotti's Sandwich Shop
gfIj5FvIejEiex4WV04wIQ,Business,Ubon Thai Cuisine
e1o-2If3E-OY2A_yvamrIQ,Business,Eeffoc's cafe
Pn9_MnhoLrMFdW3AZDORMQ,Business,Lucky's Coffee Shop
MyNFSdduvVnfeJu5sQfFLg,Business,Giovanni's Place
hZVzFdmKqFDPHleovfGnPA,Business,Jerry Deen's Family Restaurant
H0tVJV7M5lb0bE5vDZd6KQ,Business,Pho Son
OJUTu1PAPjljZBwtI5DUdg,Business,Deep Blue Bar & Grill
W_M-QaSW2y2JfUDRfOZ4-Q,Business,Gallucio's
OEMBtqjWgHvLOCIjhY_7eA,Business,Sang Hing Chinese Food Take Out
PhPokNCiFVdOx8BsdPnqeg,Business,Manhattan Bagel
zj8HThbzTWvXl7-Dw0_nsQ,Business,Añejo
zz0l4dUf28wzPAaTdGqsSw,Business,El Pique - Wilmington
yzQvpMF2HFZrK4ZL3vV5Ig,Business,El Maguey Mexican Cuisine & Bar
SYcdJP123caYVCkZ27BIOw,Business,Southeast Kitchen
BypYxOw7LRO8zjFMxRWdDQ,Business,Pret A Manger
mskYyOH-xVyBlBn9OLqu4Q,Business,Drip Cafe
3P-5sAQoAyKcoO5e4paG7Q,Business,Little Anthony's Pizza
-G0iVQaYvpZETVKwPVdR9A,Business,Crab Du Jour - Newark
58OuqehnPxdFq8gWR_hBRw,Business,Milk & Honey Coffeehouses
m7gW3sfkxmIeW3dz5XTzTQ,Business,China Dragon
-zngCcpYYPNXEfwv9NJsIA,Business,China Express
AVYuQ6DTqpqsB141r3lH4w,Business,Hibachi Grill & Supreme Sushi Buffet
lxWMl4ejGvFmihN-qSTNXw,Business,Uncle John's Smokehouse
gRHfRxTqaf_oUapIB9MMUA,Business,Cosi
w2LKdmH6Ytez4ptNdO0Vuw,Business,Pizza Hut
sd0AA8okoNnR7ONkF9AWvw,Business,Cuzino's Pizza & Pasta
TYgc71FqGLGiROceq4TP2A,Business,Admiral Taddy's
_I4a0zwTEJsvbLVqM5cS_g,Business,Karribbean Delight
qljraKzqFlIONICsRtzSnw,Business,Miller's Ale House
ML0D_20SZv-Xz0ST74qkuA,Business,Jing Fong Restaurant
sl3Lm8ZNuY_oIop0ZFRzuw,Business,Pizza & Pasta
5Vp6Pz3AVcqbyDj1ynKOTA,Business,Blue House
tuKYmeiSkAURPQnRDCLBxg,Business,Rivera Taco Express
Ixr2-GfYKatXdq1rZnfHiA,Business,Ruby Thai
wkO1a_i1Mzpd-0sbiLa7EA,Business,Little Vinnie's Pizza & Pasta
4C0xj95V8-Mp14OixoTUZA,Business,El Maya Mexican Grill
PtVJoVOcsll8TP2HnArLsw,Business,Tyler's Bar & Grille
UxP1VK4lTLKRu9cgjGhdaw,Business,Brew Haha
ijJLd8VHB-vPLWmHyyELYQ,Business,Deerhead Hot Dogs
pkNffAUPpdKaUuUUbhzLmQ,Business,Philly Pretzel Factory
5hID2DruRwIwit0BcLHTaw,Business,Dunkin'
uMoHJJg3zFNjh09WxN8HWA,Business,Taqueria Atexquita
6Ks2A_uQSvMrDa9_wl5aKg,Business,Sunset Restaurant BBQ and Crabs
4WAgExw8IOQ_mcN1DUy4Iw,Business,Benjamin's On 10th
Co47eJ287hxR-9iqhnswcw,Business,Twisted Soul Restaurant & Bar
DNvMHI_X3PEi9vTmMHO0Yg,Business,TGI Fridays
3VZsvccKrkvmBshoAFrgGw,Business,Dominican Cafe
SUththHA3pfnkQT3Tu27IQ,Business,Pat's Pizza & Pasta
nNKZXzq3kT71E6R3JX9RPg,Business,Grotto Pizza
KrJcaM7Fh-NClOIXfB-s4g,Business,Espresso! Coffee Bar
ctppPuguEKktu2X7SaOf-g,Business,Wendy's
VlzexKYF6St7-N4tAoGBqg,Business,Pinang Asian Cuisine
7ABcgM9T7SD7H_-MLy61MQ,Business,Riverfront Market
RKgn1CwGm8FCH0hKOTDG3g,Business,Vinoteca 902
TdLZpW0GG0NXsBjtX_SlRg,Business,Hibachi Express
vMWBVI5ky6c1gfuPB7ZTLQ,Business,Urban Cafe
NQkqbnHOPwvaBGdhP_03qA,Business,Doc's Meat Market
7VrD6atyAIOPJAEdAvsA1g,Business,Capriotti's Sandwich Shop
Hx8DHtPTRq-Qa98fRCTofA,Business,Burger King
HBuQAJvypwNerylr03XqQg,Business,Tokyo Express
gAiAwgSFAzT2yFXyL6dVcg,Business,Moe's Southwest Grill
T4RdefWsIRfo_36Bv8X15g,Business,Dunkin'
Te4yTJ7blab4s_JTAF71Iw,Business,Sakura Japanese Sushi Restaurant
b9cdwGoH4oetEYA5b1YpDw,Business,Limoncello Italian Grill
nUwlAKUoxCJb3SDAxpymbA,Business,Mimi Teriyaki
ByD67fU4LfLkNMpMZXdAYQ,Business,Zoes Kitchen
5vNalmeJRlPQR0HGfyCq7A,Business,Café Valentina
enWMHykIbIYAX1ChWQURZA,Business,China Inn Restaurant
fmM5dA09gigXH0nCb9nEvw,Business,Casa Tropical Latin Cuisine
qzNMDrjffJGMa1TVgmdS0g,Business,Nicely's Jamaican Kitchen
pWIO8FCZqnPxTwt7lURk8w,Business,Smiley's Diner
YCfMNP_1YCTXTKlrnw44vQ,Business,Brandywine Diner
1XJ1kOixnDEfnTrRfyjUiw,Business,Delaware Taco Festival
JEpsrFGIH4ixJJ4q2yUb_A,Business,Godavari
pvwdXO69MQKeAEFwcISnFA,Business,Kabob On Wheels
FJSIOZotIVrgvqMuBQ7y7w,Business,International Super Buffet
kMVROdQZoNoQBmvvpe78LA,Business,Al Chu’s Sushi
IZMHmGH1NbULyreLPx3t9A,Business,River Rock Kitchen
Qpyp_qwSCxb6a0PsLcJnwA,Business,Redfire Grill and Steakhouse
01ikDdFTvc2-YXeyv-YXjg,Business,Two Stones Pub
Z4S1pssoLucE1DT7aervXQ,Business,Fuddruckers
yih0BSPRXzPlc8qVNlYs-g,Business,Romeo's Pizza & Restaurant
K6SQfxBapNAIVr_C73ohlw,Business,Rasa Sayang
zVagjsscMqU6ztrFvv6hOg,Business,MrBeast Burger
953cL2plLpQtabKer3r9aQ,Business,Catch 202
P6DfeEXFpV_Z6RJRMZ6oXQ,Business,Domino's Pizza
rBYX6kKsDt24uFdyAEs5iw,Business,The Original Hot Bagels
yBfY-xIpN_OmxyXfoX0bTQ,Business,Einstein Bros. Bagels
ifGlDvwm_6ralFBNb35Bkg,Business,Panda Express
lNi997C0gpQMlKW4LIIdrg,Business,Arby's
PMv1-zywWOnHcmvcnB30HQ,Business,Legends
B8oETYiwY33NGixjU6Z0oA,Business,Chipotle Mexican Grill
SWrUyOkijbZPp6If7UMzjw,Business,1000 Degrees Pizza
5L918sNOVHcCJKZ7RWATBw,Business,Washington Street Ale House
RubysERTZxfYrkkzgYOlXg,Business,Eppy's Authentic Bar-B-Que & Fried Chicken
CLUKvU_lTOcCQi6_24lzOg,Business,Bonefish Grill
r19qAeTxkc-aes2UVt9v5Q,Business,Pizza by Elizabeths
R5yCU9dJnGcXw3voSB7pKg,Business,Del Pez Mexican Gastropub
Wy3s-xxiqZBg5Y1eSzI2DQ,Business,Tex-Mex Burrito
1MiuGnBgT6beHPfTJiCF7g,Business,Zaikka Indian Grill
b9bzEYHseU0ceo7-0XaXqg,Business,honeygrow
lm-KtpMuHoPVCkC7zpr_xg,Business,The Perfect Cup Cafe
i0Q1qSWUsyMJcbcTNJBtIw,Business,Manhattan Bagel
WroosnY3U0t_Lg1U_3s8AQ,Business,IHOP
YxRqBrepifOBU7KO4b4BDg,Business,Ernest & Scott Taproom
eZV80xPOehww63KQWdrviQ,Business,Mazza
lqMOJ_cVSvVU-lferJVPLg,Business,La Pizzeria Metro
8MzZuGJVuA_HzzQ-QKDpTg,Business,Tandoori Restaurant
4To3eljiM2DlF-D7Fih8iQ,Business,MidiCi The Neapolitan Pizza Company
yTVTy75PHthgHH1ZcGVbZg,Business,Mrs. Robino's Restaurant
kFx4Nq2WhoIlCx7Adrzo8Q,Business,Señor Tortilla
TlaXeIvS_0yQhjWTLHCLSA,Business,Sciarrinos Pizza
lwJllJ5e4CLHdliOPEfgGg,Business,Rice Restaurant
Wj2Rb6wGmejjYuZgRpNuNw,Business,Nirvana Fine Indian Cuisine
CUckmG16ZfLaLogSDlSNYw,Business,El Cantaro
YBZHAr2Psvh20BZBv7o6cQ,Business,QDOBA Mexican Eats
DZUZbsr-a_59zjjPY8rGKQ,Business,Stitch House Brewery
3qRDGcBOcfFnEfAzVLO6oA,Business,Luigi Vitrone's Pastabilities Restaurant
J1VMww2sKmYVWETGXR63_A,Business,Delaware Saengerbund Oktoberfest
QqN7cWY8DerAsL7kW01UcQ,Business,Blue Parrot Bar & Grille
0MivygP7tD4AWbskqYmMuA,Business,Taverna
FNufNXHffHXRUhIqXWNoCQ,Business,BOBO's Mediterranean Grill & Buffet
UI396ToWHWXcDmILMclWcg,Business,Cantina di Napoli
3N38Hwxvx2Azb2hyLb1vxA,Business,Golden Dove Diner Restaurant
_7EnH5l_oCZyu407yuvNEQ,Business,Tacos Mexigo
VcwdSsoGhQAwo7Th3MWBOw,Business,Los Taquitos De Puebla
C-rxRVvEs7VrGUwMSngxvA,Business,Domino's Pizza
j1e3-hZkEX-mnxuujdKQig,Business,Grand East Buffet
UBX73ZWgCdgom4nv0UeGvg,Business,Border Cafe
XWDbA6RFVBBLjPps-f47Cw,Business,Pasteleria Rojas
-KugJyLmuTECAE121jsCkg,Business,Charlie's Pizza
-F-30mTCP0dUr_mm57NxUQ,Business,Makers Alley
ZraQzfGJfnVMbMXZwOQ7Vg,Business,The Chicken House
MPuoLAmmBvijfXC7JEUsFw,Business,Evergreen
-PuFGEYEx1wPjqoxfE_k4Q,Business,El Diablo Burritos
UXHJCBnu6Ruh4SjLBOyaAA,Business,Walt's Chicken Express - Carpenter Station
F4cyfaD-SIg2N8r2xIiWjg,Business,ACME Markets
Y9wxA_5Mwnax3dTLTXxEZg,Business,De La Coeur Café et Boulangerie
FAvUlfYblxOf6FA4eO-qnA,Business,Rascals Crab & Seafood Restaurant
h2TLKm5xuRttX1NJUoYurQ,Business,Casa Mariachi
VNf2NwMjjcYVBWGGMigTtA,Business,Jalapeno Grill
g1o1XGR4vA85paP6G9S9DQ,Business,Prospero's Pizza
dAYsDKMHLR3eZqn1CP5oJw,Business,Latin Fusion Restaurant & Lounge
6zLeYObKM9K4aFcSrhbz_Q,Business,Mom's Pizza
J4Lj1Mag6ODDmP0kuRnEZw,Business,Cafe Mezzanotte
icydX8ke3jYeam4yL3ap4w,Business,Gallery Pizza
QgJv-WSd5IdYTYIaS_RRxQ,Business,Mary's
FjgPNVFrbL924rNUMm8nBg,Business,Jessop's Tavern
Eggbe8TRDB0wPjqymWMk9Q,Business,Dunkin'
QZjoE2z7MwKZ8JvzUNzGzw,Business,Everest Indian Grocery Store
g49GSuIxGFz0Kr9b9qXqJQ,Business,Sbarro
Tz36ybiNcF6X9wxEFZ4J4g,Business,Royal Farms
jVJdCT5lD-DT0LuH1OGVNA,Business,Ruby Tuesday
F0hePnZFn1Da5bQ-GO5tfA,Business,Omega Pizza
Ve1V5bBuUCz_aB0K5s0x_w,Business,Milano Pizzeria
Y4nL9U-1fJmGAs5iTlSIXg,Business,Sunna Juice Bar
r08CGs3hygzCtBcmZYpZsg,Business,Jae Seafood by Tommy
65024MqvGVwOvseDL8l_-w,Business,The Juice Joint
yK8LWJ4VRTYEoGxVYzcjQg,Business,Metro Diner
3dn-FdMoVBfqkH3SEgecxw,Business,Country Maid Stores
gtOVX8hGKKIryQs0lGPt3w,Business,Bawarchi Biryani Point
ACVar6kJC_P2aDHDBx6N_Q,Business,Pinji's Cafe
4EffIBpRHXJP0mNZeRAYvA,Business,Pinji's Cafe
hFMud7XDefdWM1d-p1B2dQ,Business,Bahama Breeze
2-yrFS9sCxyKPfr6CnHmTw,Business,Oscar's Famous Pizzeria
_wm4lnfN_vWSuXZH3gXq9Q,Business,A Pizza History
Wbq1ioousibK88FRw3PlDA,Business,Bain's Deli
qwoqt5912WOdHHOtoMUF1A,Business,Ny Gyro & Grill
0y5x2QxXdeHvs_m0hoO84Q,Business,Aureas Mexican Restaurant
gemfdRJabGzAqfD1oLLC_A,Business,Horace Shellhammer's
myAaXOSoxfaNnCPTcV4M8w,Business,Burger King
9i784uctK0-_omQcdCcgWA,Business,Barcelona Pizza Pike Creek
qeBhpLwPn8KZJoHPPSH-sg,Business,Nuyorican Pasteles
0HzjYHjeL5GvGHMj9XjO5A,Business,El Toro
jCyQknyt1mkMTBw60-ABUw,Business,McDonald's
_LoYXMFxkbmrpAP74d81Dw,Business,Tropical Smoothie Cafe
ylkgMTVWMvliW9x-XlbjvA,Business,Famous Dave's Bar-B-Que
kvb0a9FiFs9UXWxE6q-5DA,Business,Naaman's Pizzeria
Qp_6nULBg80xhx8ksMYAHQ,Business,Utage Japanese Restaurant
ajFL2FsdDZQwwpiOVeh1nQ,Business,Pomodoro Restaurant
-PTWFicakClBDK-zyQ5hjA,Business,First Watch
uPngSFlKQmQT3v8h8aTwmA,Business,Luigis Pizzeria
ERov0fZxnWhM-2GYFY2i9Q,Business,Unique Chinese
xHi_onbMgQqj86HFfDiqsw,Business,Royal Farms
I3yzZhtKfRMuUHWHDBqHGA,Business,Capriotti's Sandwich Shop
v1VKIvac73Fxt6BMiuKiTA,Business,Lawerence Pizza & Restaurant
HQdoy8OpEuGKM_Op-ovHFQ,Business,Skipjack Dining
alM80dgR9izB_svltTw1Nw,Business,Argilla Brewing
YkL_44nF4_jUDm3cyq5SJw,Business,China King
rl77SOSsmY-jklKpTm3jWw,Business,Public House Wilmington
NlkFNuYkreoPvrThNQEvbw,Business,Docklands Riverfront
EUTf-d0OVBMyPkg3lObG6w,Business,Famous Famiglia
X0lMkTXVs3PLcyKzQ6GTcw,Business,Maiale
JogSG9qSX7rRN1qioMhYeg,Business,The Ice Cream Shoppe
DXdqMi16GRc7oMUSFmjIfA,Business,Kidds Chicken And Waffles
IZgQel8rfyLY8r69GtnUQg,Business,Ike's Artisan Pizza
adVbOEChtDwsLF6k_Quczw,Business,Country Maid Deli-Jack's
-eKoPT80NewUNc2h-hevdA,Business,Harvest House
qCVbvgYjJkdsrSN71Ra0Ew,Business,The Crow Bar
hJ0QkeOdQ5y7MTmdR9NO1Q,Business,The Copper Dram
TU3rjb_t9OVLoxVJpwEhwA,Business,Sheraton Suites Wilmington Downtown
T3zMecCY619BrWOg-fi7lA,Business,Extreme Pizza - Wilmington
hN4B1kS8J5MQykKxrYXB_g,Business,Wheelys Cafe
aAPiZY_6_xb2qSMs0ABBpg,Business,Tasti Thai
2ZaldC7ird5-K9sSvK6tIw,Business,Chipotle Mexican Grill
aiJg1ucX4IoeWFwKTNZcsA,Business,Boston Market
yfKe5Ne8oo4jEBXiZvr__g,Business,Hak's Restaurant
rwPdi2Ept5LcVYIRUjj53Q,Business,Angel's Restaurant
BKVwN2btBPovpWis42Urlg,Business,Kozy Korner Restaurant
DZG3652AxmIUGmlF-hg3mw,Business,Bertucci's Italian Restaurant
pOQGEGN_UrH8rtKea0WKRA,Business,Tropical Smoothie Cafe
UgdwL5wCdaFe84wmXmwaFg,Business,Minato Japanese Restaurant
qdKCj1XsTCgTql1iuPB5lg,Business,Marsh Road Diner
a-YvWwzkAd-w6VWsW0sEhQ,Business,Jimmy John's
Jmk_N22L1iQ6-EZIlexqag,Business,La Tlaxquenita
qRB4CzTnQy6iOO4D1FT4kg,Business,Two Cousins Pizza
Yh0HF45_lVXa6gSSKsJY1w,Business,Jimmy John's
JCXcdCGpqIRXEGzhPukdsg,Business,Porto-Fino Pizza & Restaurant
FyPqFGQXuX7Jkrjm6LoC0Q,Business,Great Wall
Y8iVXWq_C-U3POZ6yItw7Q,Business,Chili's
4Co0fjkcBvNpUY1z-tg67g,Business,Mrs Snyder's
2XEXr1Ba8V8qN4IGADNliA,Business,Kukurukoo Express
WM18UYsMn4EOwc1s1cCoAg,Business,China Inn
ElEbumta2ujV9PTx4OGbVw,Business,Columbus Inn
gu4TEXWfC69ZVrKDsVPtKQ,Business,Chaiyo Sushi and Thai Cuisine
z-2pRvQXAWqcZdLW2fKj9g,Business,Deerhead Hot Dogs
NXYydDGZuz3p2AGg4puqig,Business,Cuzino's Pizza & Pasta
FYOPKSHyRVYwqjNayJdIPA,Business,King Garden Chinese Restaurant
-6eomXaFuOSKPsUbk2A3xQ,Business,The Crownery Chinese Restaurant
yFxxhrdtDfmNF4xcXeem8A,Business,Takumi
vep5L_9i_xFaCm2bZvQemg,Business,Days Inn by Wyndham Newark Wilmington
UWQn01BHc7jJnjDx6y-n9Q,Business,Boston Market
reHlvRPArBEo4RatrXZQNg,Business,Bella Italy
8IazNnZkqYlNODBZPS1CGA,Business,Wawa
_ZG6xLrZ7VIfcQS_tl0Mpg,Business,Cotti's Pizza
Qz6-OxFp9PhGwMZG5geqpw,Business,Touch Of Italy
L-NBC1etnxAvHP_u2xo4Ow,Business,Moe's Southwest Grill
9pPK-EhpT9jkC7WXdtDM-w,Business,Seasons Pizza
iWyYWFXrOvyoxIvUPf8OuA,Business,Opa Opa
P_nqb7lULOtx3pAJbKfFXA,Business,Santa Fe Mexican Grill - Wilmington
sRJFxyCjZnmXuZLk6uKW6Q,Business,Panera Bread
cVWOVdiHpPRzuS2FSQUgfA,Business,Omka Grill & Sushi
3omPdJWZzRAaNZU4vaovZQ,Business,Food For Thought Catering
S_i39mHBCZadtvwdC6Hb6Q,Business,Seasons Pizza
mcmOeaoHlryrtogjd3tooQ,Business,La Fia
DvKVx_Em_UkG2NPeeKSJzg,Business,Sitaly To Go
NTlF55qiq2TCxR_2Kr4NAA,Business,Star of India
015DpGQSGAjbHfa7KE-p5A,Business,Domino's Pizza
xSaH011Ov02w-8sxr78M6Q,Business,New Dragon Restaurant
ZjwEfrsA2bztSk9SLrPqPA,Business,Kung Fusion Asian Grill
KzGXMHnlrknUhEjNyD8yZQ,Business,Pho Cali
2y2LhpdlHuGU6bkAHFSoQg,Business,Wawa
fNd-tOJGusNDcT0Kqzikaw,Business,Indian Hut
AHQSq5ZdYVQUleXgPwHHhg,Business,Teriyaki Madness
jAwmIPk8p2c2kxAbL7Ocyw,Business,Sansone's Seafood Market
bbm5_njEZyw68E7UUY0xgQ,Business,Red Robin Gourmet Burgers and Brews
4lVR4qfWaX-wn1v4EakF8A,Business,Barcelona Pizza
jJKvRg2tYr7qWP-VxdjCTQ,Business,The Back Burner
PGFzlPVRUz2rpR9DRAU7dQ,Business,Murph's Irish Pub
leaEzQ7Uz_7NID4vpx9RCQ,Business,Juliana's Kitchen
vVLLNrqhvrkVXfIIW9Etag,Business,Timothy's On the Riverfront
xNZj9zMVY7NizZyBn41BvA,Business,Tropicalia
Wz687hCcjVyHTCP-jd6U_Q,Business,Gyro King
imCIha88DmlxaWpXScRkZw,Business,Buffalo Wild Wings
0CeoONLXqseUxPdGerefOQ,Business,Mexican Post
DoHkrJJVPffu924i6MLtcg,Business,Applebee's Grill + Bar
j7LZM6rf4Bf33exo6XXKGA,Business,Drop Squad Kitchen
RLB-RxkiAcY4pwjTYUzpEA,Business,Osaka Express
bS2clitvOuAuxFKxA0YnXA,Business,Friendly's
71UVaCN8AtyovlqoS0Hixg,Business,La Tolteca - Wilmington
JaJDxNxLsV4h_Nkt7HsMAA,Business,Goober’s Diner
7sdNASlBZhZMQalQUKB4ug,Business,Chili's
Rgp0ZBmxRjf0pqqVnvzm8w,Business,Cafe Palermo
jWmg60gRRnNhaHQyc2W8Og,Business,OMY Smoked BBQ
bn0XzKxBRBWvnHUMg5cz6g,Business,Red Lobster
dz3dov1RfT25X_StP__cdQ,Business,Little Caesars Pizza
7NZ8Uq7Xtx4i7MR--1IjNA,Business,Tierra Mexi Cali Grill
R36Rhjk95Jh70scUravEQw,Business,Biryani City
L7wxBug8MF-Ag-u43DkQpg,Business,Cactus Cantina
FtN_ctIlpuTcAInNIMiM1g,Business,Taqueria Jalisco
DCJefHxEStVHnX8acaq0xA,Business,Jeenwong Thai Cuisine
jwp7_9S5IslgXnA7udfkYQ,Business,Taj Mahal Restaurant
qwIF7ZBgyP01Cdt53aYS3w,Business,Burgers by Wildwich
8tccha-xTkuNLiPfJYACXQ,Business,Market Street Grill
mnyk_gnb60vFB2o6Y8c2Gw,Business,Rocco Italian Grill & Sports Bar
P7p-rYAkkOnPURxXx3Tg8g,Business,Bella Luna
N8NB7lMryKMMf6SJUvzYVQ,Business,Tony's Cafe
z9xBQXT6Ru19ySOjdGDIqw,Business,Dunkin'
pOCjLcWQskQjRPi6zdLvAw,Business,Centreville Cafe
OwBgQo86CL2GmGX0OIUEEw,Business,The Cheesecake Factory - Newark
SwDn4LYC7uzQMmIz8RMBBg,Business,Corner Bistro
leBpyQruds138tREAfRvzA,Business,Libbys Restaurant
gDc_CGQD__1IqL79TaUKrg,Business,ShopRite of Christina Crossing
prjS_8VAw65e32UtoCj5AA,Business,Seasons Pizza
4wvKerRd-Y88IX6E5lCArQ,Business,George's Restaurant
CcxT3qxaAm9_3-q2h9zt_Q,Business,Champps Restaurant and Bar
15IzVzKuvUCrpM1AFvDT_A,Business,Brew Haha
n7XtDJQVnxb1UzPPzlOlHQ,Business,El Diablo Burritos
d6CkVTvgiU-U-kLR1Mj09Q,Business,Taqueria El Amigo
ikqbPYXQNLIvfz0kymBnJA,Business,Romano's Macaroni Grill
nHHOQf2pjLT5jUvkG-4DHw,Business,Wendy's
4orl8-9N6Opr9FJjpsSVCw,Business,Padi
r3dO-D1qFn4Jct7KDNvImg,Business,LOMA Coffee
Wo1nGE9JL8U8MloV1OaiBg,Business,Pupuseria Salvadoreña
vLiXVP1WHdilv13s5SnnQQ,Business,Bachetti Bros
PEb_HioboxCfFONLZzVNTQ,Business,A Ya So Nice Authentic Jamaican Food
ZzCcljlsQco6WsRDGaV8mQ,Business,New York Pizza & Fried Chicken
skT9ekzLdiQRg6Wo2OzMvg,Business,El Mana Restaurant
R1NlqZdqYbs-KXLPXROS-w,Business,Lamberti's Cucina
5xIcqp5q-6mw1FKaKpRCxw,Business,Chuck Lager - America's Tavern
EQr26hrk8cEYsZjaMVU57g,Business,Kegler's
FhI8-M6EYtwfrerkWL_VMg,Business,Vincente's Restaurant
VKUUdRVElaufzQAI4OcxLQ,Business,Semo's Cart
FoIzWtiwffKyfKJHsm7VKQ,Business,McDonald's
prGQTaFLeso7Qkzy-lOz2w,Business,Flavor Of India
2b-txFFWmKKq4AL-pnIxZg,Business,Noodles & Company
l0qTrHzfkquC144PkJh4Rw,Business,Merengue House
DGatNT8XO1aYuYVYGyWkPQ,Business,Big D's Pizza
xHWi7ZQ0zlRoKWlfnmhOYA,Business,Feby's Fishery
Y9EfIbXryZVWA3IVx86bAw,Business,Olive Garden Italian Restaurant
5oEyGDeqeXeMfFXZdevtFg,Business,Okura Japanese Cuisine Restaurant
RO1LyRwH2eZT_eNUN0dC3w,Business,J.B. Dawson's Restaurant & Bar
rugDoz-A6vL-FG-8PbvOag,Business,Brio Italian Grille
BEbSlK67eM7YnE9O5R7cGA,Business,Papa John's Pizza
1h-Irop_Rad5LB9EBf59SA,Business,Five Guys
70a-DEnbsZiYIjMaXnO8rQ,Business,302foodplug
TwZnsqJCFncURCDQoEypSg,Business,Joyful Garden
J1vj7-l7v4jYXxSR6ffPkA,Business,Kyoto Japanese Restaurant
eBo_ZnzWshp5Myx7ugbMhw,Business,Terra Cafe & Grille
4mEqLXZD6aU3ymapf_hbIw,Business,Pat's Pizzeria
bKeKYs8NycSzIYvpT_6ncg,Business,Greenhill Deli-Pizza
YSJ2WaubNxMCnlNsZfIQbQ,Business,Locale BBQ Post
Lb5Gi0VnxwtFXk3sMTSMcQ,Business,Fresh Thymes
oa4bCkow1hrF6pqQCT6EGQ,Business,McDonald's
e1D2n12gzzsyCdUdas5MKg,Business,Crab Du Jour - Wilmington
WjGfcajYECW1zEoinqpc2A,Business,Panda Express
IzUXCIMWeocK1fJHdrgJgA,Business,Naf Naf Grill
oZfUOoDJnORwQrDTqUJ-NA,Business,Mike  & Nick's
LZquQqjVqoWFhVUqfLxUKw,Business,Valle Cucina
m5fKuw8ZMfYjJLtcISCORg,Business,Noodles & Company
51Fo_uY52A5oaI8YTHU5yg,Business,Trolley Square Oyster House
XjaYTbAMsIOkofZJ4QSuJA,Business,Sleeping Bird Coffee
sy7uEcDtctaeYqD7HGrPCg,Business,Casablanca Moroccan Restaurant
L3CwFF0JhicaxVfWzzrEAA,Business,Bonhouse Chinese Restaurant
Qx6IaAjbIECWWaRuqjYMfw,Business,Panera Bread
K3ZZua4ab6YLhPqZ_DEDlw,Business,BBC Tavern and Grill
cbimTBHAiibDpq8O6mP4VQ,Business,Trader's Cove Coffee Shop at Penn's Place
5QPZY59iu3a0C-jWsZR8ow,Business,Charcoal Pit
QOMipQ_Xd2ISvO0MvAS_xQ,Business,Gaudiello's Italian Hoagies
jQJqbe8WXuQNKlUNXfpXmQ,Business,Pizza Hut
s-0tlWRv3QQnFEzs5CytRw,Business,Shenanigans Irish Pub & Grill
-rf-o_H-3_6XUrSxOLRcpg,Business,Chick-fil-A
JgYdYd7qXgFXVjGWFJOz1Q,Business,Walt's Flavor Crisp Chicken
qC8Whdafj7-DQ29b7Rlcdw,Business,Burrito Bandido
E9KNLJmufM-fFHV9xJSK4g,Business,Papa John's Pizza
tpJSzkIvZYvGJB7rekoGjw,Business,Unique Chinese & Japanese Cuisine
T3EnbJYkiMHutSxh0asEfA,Business,Tutto Fresco - Italian Eatery
WXVb0_TPSNGjqRshykMY8Q,Business,McDonald's
59RdMsr5iXwZnD_qlnPskw,Business,DH4 Jamaican Cuisine Restaurant
dg3w68b9e4pJsdeCv5pHVQ,Business,Wawa
NDk4qwpkU2npNZu742OdBQ,Business,Angelina's Italian Grill
v22_o4QdnXqLaXSO9MZE7Q,Business,1 In Town
lM5TtwwucIPIzEPeDqDaEw,Business,L & G Southern Soul Food
JJF7J3UXCNSwCXAP4LojtQ,Business,KFC
jXHjuZSgxAPCDZjxBXsPZg,Business,China East
7T3curcaRIXUmbXZEE6lVw,Business,Hong Kong Chinese Kitchen
I99hAdRjOW31DfHW6MUqwg,Business,Capriotti's Sandwich Shop
eUes9qc-i7WMkUIdtddNDQ,Business,Burger King
2UPOe4CTsy57JyBWCjNWbQ,Business,The Reef Seafood & Steak Restaurant
RjUlQqekSL14zu4rNOZuEQ,Business,Jersey Mike's Subs
pn00KcFyvm88u7uwzka7cw,Business,Taco Bell
IHO1oAX0PrEQo5VYuipX7g,Business,Culinaria
8htTVv-lUyz2SUXKcwSC_A,Business,Big Sky Bread Company
LOYex5JW6KuH_4t332wzsQ,Business,Kelly's Logan House
ULnAfyqr9dL2_yRsHdYFEQ,Business,China House Express
4hWPnJWr1pJYOcI0CGrzWg,Business,Green Room
BJxoz5d_Z45JasgZ7o-5_g,Business,Satsuma Asian Kitchen & Bar
pcT9YZDxLYRriQhWz-PnhA,Business,Hooters
DB36BjmWWPkWqESu9tjIaQ,Business,Ciao's Italian Grill & Pizzeria
MHCH84BAFfYXyY-NujHG7Q,Business,Sonora at The David Finney Inn
gFOs5ho8kuPyYBdVkR3VHA,Business,The Brasserie Grille
NzuiDTVc1KOBPb-ZJgG2WA,Business,Yatz's Subs and Steaks
u6J-aO61VRmS7NKeBzrSjQ,Business,Buckley's Tavern
2KnB5sR6QmD8YRcEGsa8ow,Business,Dorcea
mHwn3XzGpyTXAe167aHMyA,Business,Royal Garden
gkZ6iiEfnO7I2UzOHbkzrA,Business,Ulysses American Gastro Pub
4EWOA4I8_oszeXs7_ejJWA,Business,Avila's Bakery
CFBnmxqAm4vX6v4BFye70w,Business,Banks' Seafood Kitchen and Raw Bar
y_ErDiWeXxyYcL1_U966qQ,Business,Yi Palace - Wilmington
LI1pBFuAuen2hD2a5rilug,Business,Torbert Street Social
BHTpjNMdeja_cg9pRnRBOA,Business,Kid Shelleen's Charcoal House & Saloon
CQgXWdtFDfshGMVpWqE15A,Business,Cheeseburger in Paradise
YiNkf4WpIwLjsJPmgUeCRQ,Business,3 Stars Pizza
rRWAgAsFhtXbhy8GoSt-TQ,Business,Domino's Pizza
sL_JrM7Llw5arZh0-JxZ2g,Business,Zoup!
i8uaneoCO8Nd6FVa02PBLw,Business,BarRoja
zfZvIjyu_hsnrnDcUZuBqQ,Business,Pizza Pro
OfUF725s1RaoaEOPY3hwZg,Business,Poke Bros - Wilmington
Ds8E5RPjm2UHUemXJVTs3w,Business,DECO
UVYxBJITEqiM1BJWbfUYMw,Business,Papa's Pastry Shop
gHPS6jy5UzfVUDLUE74Y-A,Business,Dunkin'
XivGJBspUK_LWVRyp96EBA,Business,Crazy Bone Cafe
_-pljHy_NUTTdd4dQBL-Yg,Business,Hunter's Den Restaurant
O-k86O0GnQgBn9KxUiE1iA,Business,The Chicken Spot
52pgQaYBZx8axZK4mPn0Ow,Business,UDairy Creamery Market
taQYHTJVJsnguw_tfEBShQ,Business,Eat Clean
QaPPKjlmCqX98J62Y-dlkg,Business,Delta Restaurant
h0jLNrV28BX3AC6yHaN2Kw,Business,Cacciatori Pizza & Pasta
-HlTwWdzyN7Ec1xTjntfog,Business,Krispy Krunchy Chicken
50nOu5uopq2EbrSM90ZxOQ,Business,Three Ddd's Steaks & Hoagies
dRFSMj5Q3lro4UDeN6oCQg,Business,Bogle Cove Oyster House
wmDbIUgNaiemdgc6S2_-_A,Business,China House Chinese Kitchen
m_a1nzDkdwYV9P2FvxqGsg,Business,Bistro Jacques
aRetE3hno9ISsRMaRaobGA,Business,Lettie's Kitchen
LWIXucbDnKfXt1se2wtqLQ,Business,China Royal
m0goxK9IkGhjoyfEA9ZvBQ,Business,Carolines
pVNQNJe5D5jnygJjWwSnfw,Business,Snuff Mill
8nio_7eFGbCSLhiLwbWvdA,Business,The Dog House
evrQGHs_lC_fmEniotaX8A,Business,Turning Point of Christiana
2kDAi5Od8S7C5QQ0TvLVxA,Business,New Hibachi Express
i6-HSvdSaNy-Sr4FXiM9YA,Business,Mystic Pizza
wYvNRu5yElMs108nz908hg,Business,Tailgates Sports Bar and Grill
86Zz4Bysrm6GIBpci955wQ,Business,George & Sons' Seafood Market
7PmBvrYIRJRWM9dfp6Mv-g,Business,La Taqueria Riverfront Market
Soz-9beX1fUmz3Yxp1sphg,Business,The Greek Festival
FnI_J_T63I3Py7GnnmDaWA,Business,Sushi Xtreme
msp4nQ9YPzSA7d6fVbSrAA,Business,Tree Garden
GsTHcKsO4c9ZnK0AdwfCpw,Business,Starbucks
MsahEUyFXv-chom17KI_3w,Business,Appleton Catering
Ry_VL75WDfuudBMu3q4cAA,Business,Dino's steaks
i5PMM5ERgui9glBLO1vq9w,Business,China King Restaurant
sRATWcg2MaU6_wVVLCmxog,Business,Tasties 302
vnANhbKBSyn_Kxul3ReR9A,Business,Slack's Hoagie Shack
0EYptIjdWCC41e03GBWwOA,Business,Zach’s Grill
xJ2-lBf5qtfyDCrAwrOpdg,Business,Pike Creek Pizza Company
ryqbpGS2tPKo2d9DkEdf4Q,Business,Taqueria Los Compadres
OHtGdFojocDNolQYDWLnWg,Business,Taco Bell
LsMs0NL9jBukdsPqTP-sOA,Business,World Cafe Live at The Queen
qOFcDjpUw5oeV7LIdDAubg,Business,Green Box Kitchen
cemvFp_hGI_6ev5_pd9Lew,Business,Tony and Dominick's Pizza
lkAzVdzEZE0jEU91PmvQhQ,Business,Margaritas Grill
-jtTmbqX3jeMs4z693SO4w,Business,V&M Bistro
N_Pv_9FMS47hR3w6TH4rmg,Business,Szechuan Restaurant
W1TfZnKeZxP5KaNPB3SXxA,Business,El Amigo: Taqueria & Store
9XzPqLGIkuN1rmqWH7aP9A,Business,Legal Grounds Cafe
ja-xLPyx8Ha3tJ-tx-0CCw,Business,Tj's Jamaican Spice
AED1P8U_kyYerD1OPndpTQ,Business,Papa John's Pizza
fqyKLWyaBHAz8I-FhEsruQ,Business,Oasis Middle Eastern Restaurant
nyISj6w5j8OBgbG88C5rZg,Business,Capriotti's Sandwich Shop
FWasI2Kq6OGBN60pvN__wA,Business,Burger King
7soL3w71DCyyoC9XKLODkw,Business,Sixth & Pine
bOsKg2PXQeSjTPWYNFnKxw,Business,Bull's Eye Saloon & Restaurant
nGcfY8qVamkNIW7emQlfSQ,Business,Don Pablo's
uK-mJE9L3P4X80gKp69i9A,Business,PrimoHoagies
_6BiItGONFUlzOYEYBMFkA,Business,Trolley Tap House
yEHnyZkYPROFuSf8jDfVVA,Business,Colbie’s Southern Kissed Chicken
13l05k8AeGBJOIp5H4wlIA,Business,Applebee's Grill + Bar
4B1NLfBJRfeJ_7bKVTNa_w,Business,Evelyn's Soul Food
Ct_g_xmNh1wvpfTD-QLI8Q,Business,vPho
plf8Gya3Yzhy1pA_pUXWyg,Business,Taj Palace
OIeYD36y99Q6xObzwCJPwQ,Business,Cuzino's Pizza & Pasta
8zSe71yhFMeydp1UKJrEEg,Business,D & H Jamaican Cuisine
trkKocO5llb_3z54Q01q9w,Business,Mike's Famous Steaks & Subs
0cLTDo4xyBWCxp0bMmwjIw,Business,Chicky's Pizza Pub
TPYRKrXsdUfOUQNFm6w_3w,Business,Bellefonte Cafe
S6ACtNZ5wY0EjmK07iWUgg,Business,Iron Hill Brewery & Restaurant
CUHE082XLb3X-vKsnFp4aQ,Business,The Greene Turtle Sports Bar & Grille
it6lzjNprkWZ2oKIHdfslA,Business,Little Spice Indian Cuisine
752g7SDnEV4Jcj_fsEvWxA,Business,Sicily's Pizza
jFUhWIXq4dDyMY5Z1yzwQg,Business,Stone Oven Soul Food And Pizzeria
Wbqv9rUtbNanq-hhegOYsg,Business,Pizza by Elizabeths
DYIwMZs0aA0VqvzTAMuxag,Business,Seasons Pizza
5pQ2MsxB0eV8NDPJMO2DSQ,Business,Capt'n Chucky's Crab Cake
GLdfpx0O93HoIJfHonV-JQ,Business,Market Kitchen & Bar
UGRRI0KG9S8WI-oWTaPaHA,Business,Joe's Crab Shack
YLzdt-K1lTH-SaE8j5NqIQ,Business,Salvatore's Bistro & Brick Oven Pizza
_BDXbsPPdSj-MbdwdICqAg,Business,Wawa
iGJ6-XgJrOkEgm-ahmS4sA,Business,Sunrise Sandwich Shop
ht70fX_P9ufTqDxIjtbwpA,Business,honeygrow
VkHexf3mBy-8hu2vsSVd4g,Business,Chiwa Bistro
e4GIbSFHess2qAopZNzxMQ,Business,Philippine Smoked BBQ Grill
9KPLUSHOx2vgaK7n_tYs2Q,Business,Tung Hsing House
vfaKBk38ajlSYnXBc9dmEQ,Business,Madison's Smoked BBQ
JqdovxCkzQgj872gX4qZxA,Business,Hot Spot Pizza
B61ZWIX1AEl76A2WEdDZMw,Business,Lestardo's Crab House
yoOKenFN8L3BS80iOi083A,Business,Cafe Pizzeria
YFIk4noVT4mrdF2fiEr85w,Business,Pamela's Gourmet
XxptQeCkYTcDy4gQRAg9UQ,Business,KOI on the go
1mDmIanzPk0zEEytGdtaHg,Business,The R Lounge & Restaurant
ga8LWom8Xzu0ZKaohW7Jtg,Business,Pats Pizza & Bistro
6pWjGY72eQJ99Khs2adWZg,Business,Dom's Deli
jMOIi_o4pmPwR_Q8P7gS5Q,Business,Basil Bar & Grill
mNKL1JPiN2zBrUmIgTM56A,Business,Eclipse Bistro
_-OXe_vQnPRZp7-JBqXmbA,Business,India Palace Indian Restaurant
B0SPP0RsKkJxf6zK6mG9kw,Business,Dragon City Chinese Restaurant
vkffDkvbUwkgEXoBbCAXng,Business,Famous Dave's Bar-B-Que
5k1Hk_ETYdNASh4IrmCXKg,Business,Wawa
z_MefzpYwQkxXorCdQTUjw,Business,Viva Chicken
luUGLqA3Gxv5raCJOAzblw,Business,Firebirds Wood Fired Grill
zgSZxYaCI0wcMTR0Dxd7oQ,Business,Dead Presidents Pub & Restaurant
V291Oax3fUUxUzXnOpOqCQ,Business,Paradise Biryani Pointe
Iud8PGRJx53S4zpBVC2pSQ,Business,Moro Restaurant
yJ2585fQD8lcuckZ4QIdmw,Business,Pho Bami
e4Ykq4wvcUmBQmJTMd3Vzw,Business,Domino's Pizza
Nr2_KH54XKYxVV99zLkm_w,Business,Los Taquitos De Puebla II
L7r4uOZT58z1Vv-rGlSZBg,Business,Scrumptious
Fs08fD1W5krz7vkc-qmpAA,Business,Jamaican Mi Hungry
bjE19DpRbN-OgTMVaMwpJg,Business,New York Fried Chicken
kehm5RaeTwFNT43jfm7BSQ,Business,Six Paupers Tavern & Restaurant
9tXwyr5Yqu4WnuCLOUPtrQ,Business,Taco Grande
veEVH9fwkhs_iR38LlK2yA,Business,Cafe Americana
9QsamgtWTCpiYVrFr-p26w,Business,Chipotle Mexican Grill
IiWJAgqRZnccukTwi_YjvQ,Business,Tijuana Taco Shop
Da1Cc7gaouF_2avorSj-PA,Business,Brew HaHa!
ssCzAwPICd79FWhkqdpgBg,Business,2 Fat Guys
Un6hqD_6kzW1VW8SVuN7SA,Business,Los Jarritos
-VbtijUhH4xVP7cZbEo6-Q,Business,Ted's Montana Grill - Christiana
XqOSW0xVG7796_l_5-ai1A,Business,Mexican Table
skP6KUZgrEzY1udMSfBOyA,Business,Hot Spot Pizza & Restaurant
FB8GTSt4sBBNA9yZPZ4teA,Business,Master Wok
_6BDxk8486ZYiRwpPmQewg,Business,Limestone BBQ and Bourbon
gV-u_5SA-htqslt2yUaLgg,Business,Negril Caribbean Restaurant
ZzN0X75GAtJTd-WOdPGNtw,Business,El Toro Cantina
-q8Dnex7CtMFkg04gDd09A,Business,Planet Hoagie
Uq-y9KERobbe95mVet8NWw,Business,Semo's Restaurant
VmxGFqtplC3yIOClQ3Tulg,Business,Tex Mex Burriro
aqLHq0LCuqgVVjcsjeyTbA,Business,TGI Fridays
wANOZ3zhbnWMchaeHfksSw,Business,Sub City
_e0k_CGqUSp0_c17GaLSzg,Business,Bites & Slice
yOWecDeW4MIBj-Hbpen3Pw,Business,Maui Poke Bowl
qWLHeczMVxxanXnMldknJw,Business,Kampo Garden
s4sR4VUo5bzMcpXuiAj-EA,Business,Quinn's Cafe
fg82H-02ojEUHAgDKk0Acw,Business,Wendy's
4sZVseAd2XZrSReEmBlMFQ,Business,Lone Star Steakhouse
FXyX5mm_2daiHTzEMukVEw,Business,Popeyes Louisiana Kitchen
TqDErLK4t0TfSiFzxuocuQ,Business,Casapulla's North Steak & Sub Shop
t33PAjYsxtFw--8NpLKfNg,Business,Panera Bread
Lmb-iJGzBu_1W-dEvB3TBQ,Business,Krazy Kat's Restaurant
6T-hXleL9aMLf-sezBjs9Q,Business,Panda Express
Me4mO0eMVp5ZY3Smznr7tQ,Business,Taco Bell
1vMvq4kXlOmSdPDWp_1shg,Business,Levitea
CBDzS_gMn_-jO3_4XXVYeA,Business,Hideaway Bar & Grill
XmlF_2NbH65tDiSd2u2M5A,Business,Gyro Kabob House
4JR06JiS8W8ieXoF1ZWkGg,Business,PureBread Deli
k2qArgJgsWWrtWT_r0rRlQ,Business,The Rat Pack Bistro
srk9xvVrkXrEKUP-7oXAfQ,Business,Stanley's Tavern
8o3w3Tu368WTFz45rMLvYQ,Business,Nordstrom Grill
VBt9CM3hcetWVDREp-_IrA,Business,Dumpling House
VfkltVSN0Yhyu0Cgwhml4w,Business,Salute Bistro & Bar
wP9W_KYu7qASDfkVZDP87Q,Business,Olive Grill
t13D7cAJSWtJj19uatqoXA,Business,Kooma
4OX0hYoXnXB9ihtptZByug,Business,K'S Kitchen
s_sEMaNkRtwjEFJfStaOgQ,Business,Cosmos Restaurant
d9-_PYtP-qklQ9Q7iLU8cw,Business,Wings To Go - New Castle
_yqi2ut_GE9R13ZmMoqz1g,Business,Junction Eighteen
EP9K6qXOyHFq_0tp93wh9Q,Business,Big Fish Grill - Riverfront
LGYzaCmNj3_FiG-r8U1-mw,Business,Capers & Lemons Restaurant
wz_wBcvlHhLi6DGKi_MPOw,Business,Angelo's Luncheonette
b2eIruLWQpwgeoSWExmTVA,Business,Berri Yummi Frozen Yogurt
YCLI8aFvdM3uUE-MgrPJZQ,Business,Newport Family Restaurant
rt-b9ewIBHvlYlNuoCx2cA,Business,Nick's Pizzeria & Italian Restaurant
hJvw6uua0KFIfBF44Hf2Eg,Business,Cafe Pomodoro
L-vZQuTZFNqjRdXdUnlurQ,Business,El Camino Mexican Kitchen
CE4huEPSU8-7CRoxqcNfBA,Business,Gianni's Pizza
h3mMPUeFLnd6JjlztFBRXg,Business,Hunan Asian Cuisine
Ick2_d3ywqp7d7Sf1Keb6A,Business,Rigatoni's Mobile Crab Cakes
gk3hzKydevLKZ2FVmJdt-A,Business,Nora Lee's
5mJKPbzXp6PyFcIpHN4RlQ,Business,Rodney Grille
jRbCgGm1cpIcBZf-vOhJvA,Business,Daily Veg - Pike Creek
2vPU40ZWpAfL2e5iAfJmaA,Business,G & P Pizza
FQbLZ_N_VuinjfBFxzK3TQ,Business,Melt Shop
3RvolkfkPzFkAHKWEG0Wnw,Business,Brew-Haha
L3E-e_f-io2kcnT-hDbT4w,Business,Friendly's
87ufxVV8RjtnLJjwjKG_nw,Business,Ruby Tuesday
6cJQb8SEUqti-0S04e9Yow,Business,Seasons Pizza
Y1pykNVnghzVSW775FjP1w,Business,1000 Degrees Pizza Salad Wings
5Ubo-2HLRnCCo8Pnq-v-cQ,Business,Dunkin'
qJcmu67ZEQ4bd1m9Kh_T1w,Business,Kalbi Asian Bistro
MqJlz0N3ujhtZCWnJmOpZg,Business,Cafe New Castle
YCPSELmCiZGB0xuKd558uw,Business,Sugarfoot Fine Food
eRHLp-PimreSNP5dR41nVg,Business,Saladworks
hH5J-JyOWUjDvCrXBwr2Wg,Business,Mulrooney's Tavern
47IVPsHZAA0soPvidEnNbw,Business,Pickles & Chip's
j8Tp3nm8PYtO2exarX8zVg,Business,Boston Market
LhQ_DPEESCNf-hy-GrrMdQ,Business,Scrimmages Restaurant and Sports Bar
yJ3PJRDGKjnsmqW7BFbB_A,Business,Connie's Chicken and Waffles
FiQtALz4rxB-vCiq7ytrSw,Business,"Just To Serve You, DE"
PADyvVwZoY8waIraBOrN7g,Business,Johnnie's Dog House and Chicken Shack
h4xFP51FllJyCReUnzH6Ug,Business,Madeline's Italian Restaurant
JDBjHAYQozrnkaph5XQTTg,Business,La Consentida
1lOOo2L-Q9jvJAs-nN9dlQ,Business,The Melting Pot
5tSloJbLGvllqnn9neahLw,Business,Dunkin'
NO6mSRC0hE-cl7CwdRPxmA,Business,Hibachi Japanese Steak House
JXXjN3mw4zKdBTpRtVQKcg,Business,Pizza Pro
Vg48ETIyEP9MALSqfDLGmA,Business,McDonald's
0wX-W6ljNl0qJVEaE3tEbQ,Business,Five Guys
MsWmW4SkisV0uJIBxeNstA,Business,De La Coeur Café et Pâtisserie
vJLbVnnZFb_kiUMjGIWsSg,Business,McDonald's
_vpIEol9cEn3Y3KLpwbGkg,Business,Chelsea Tavern
cg-5DuEk0AMzuILNx8FGtg,Business,Denny's
BnbHihkBM50Xq-uBy5bpcg,Business,Cajun Kate's Philly Pike
_CYSduKMEb9c_q2zX63dmQ,Business,Mi Cosina
FzlicQyHeIbLGreKpfrOmw,Business,Charcoal Pit
JdY3_VeTm-dC3MG6Uzi1Lg,Business,Seasons Pizza
O4pbnpQYTSifS9plCU06ig,Business,Domino's Pizza
tb7o44eBlw-mLux6ODIXGA,Business,Serpe & Sons Bakery
UGHVZSx-t_bVeMfFE-MYwQ,Business,La Poblanita
zXQ2dEqAmUQfacYCZLehpQ,Business,Jake's Wayback Burgers
Gu_CWWSWsd37hpJyEHmgTQ,Business,Prima's Pizza & Pasta
jeL2UXjzEqjAj9hXhIdagg,Business,Merchant Bar
m3tc5lXPk0VQB8gjYANXIQ,Business,Eggspectation
0CennNWmhiYdSOEkGr7vkw,Business,Pan Tai Restaurant
3lz2SeaByGnNHkqefOOw7g,Business,Hachi Asian Fusion
_GWFsg1dl--bf7SnnCH4zg,Business,El Tapatio Mexican Restaurant
rC8BSNd6Anq41TVkP92kOw,Business,Wawa
zJo7j03ZP32Ou3YdGh5fQg,Business,Shake Shack
WjfKT9KFRIufHXQkXp8Kzg,Business,Hong Hing Chinese Restaurant
23hSJ8QvSK0J7pcqXARrOA,Business,Red Lobster
timmWUfeZ0ES0-mGnY5E2g,Business,Park Café
YPk2HzBuz3Pro6snB5l3KA,Business,Route 3 Diner
3KAW3nQD8w-eRy6U3sM0Tg,Business,Mr. Taco
BMM41XabMlOBDdv9A-P95w,Business,Chipotle Mexican Grill
YTVRcMtQ0-dPkITAHTiZ2w,Business,Bella Vista Trattoria
jBgAnt-Espd14jxCshc1SQ,Business,Metro Diner
5RZPAro3mrnVVIQ9FESIyw,Business,Treehouse Café
K0Cw8KXgF23sEji9TnfBkA,Business,Le Cavalier At The Green Room
GUapKeZz8THjpuS3urS16A,Business,Wawa
4iuNK5svIKV_GrbSwAXM6Q,Business,Wawa
EXEX90O-ULvk1FB-q0WELg,Business,IHOP
LTEpFgVru40dLvg1dsaD8g,Business,Milk+Honey807
byc92hBKz0DKvjcpl76LRQ,Business,Jasmine Asian Cuisine & Sushi Bar
ut9lc20Dq7tUH0tZMKic1w,Business,McDonald's
wzR95QhtA8xn7cLEfsQWmw,Business,Mamma Gina Pizza
wyUcCSAhlgxNJvh1EmmobA,Business,GoodEase - Take and Bake
z_mI02wyyYD6PJ9wHqY1fw,Business,Saladworks
KyRjvo1p7pQlyRsGHKOUHg,Business,Papa John's Pizza
pIoIdh3M-RQ9ohTtgzGd9A,Business,India Grille
cDY4-OYo1IOGzxrbS4p3iw,Business,Twist'd Tomato
14V1okj0kDg2JU6ykdeKLw,Business,Ming Garden
9rqb7gBJPbsFuESZfVMaXQ,Business,Orillas Tapas Bar & Restaurant
wST1GG4p9sCoOuvKKvLVWw,Business,Jakes Wayback Burgers
WqjT1iiNEzr8P9kis0GunQ,Business,El Pique II
uk_3KQEx_v-cV0GO1yvyKA,Business,Express Wings & Pizzeria
UQxzV_rY0rdbW9pPR2dsTg,Business,Michael's Restaurant & Pub
lgxwrbvtz-Vqhc-oryi5qQ,Business,Ciro Food & Drink
jns8FlhfwbGfsE10eKLBnA,Business,Market Street Bakery and Cafe
F82shtmHPubyaRgwJVdf-A,Business,Evergreen Restaurant
S7A1UW-wCpPP70d9mEbc1w,Business,ShopRite of 1st State Plaza
Nb-kpSwmX_LA-1fnvfRT_w,Business,The Wicked Vine
YXceGbVTwnTHsPbRb1gp4g,Business,China King Restaurant
ZE6HI1zBSlGDYAUXzvVixg,Business,OB's Jamaican Restaurant
kIiFXhJY5mymV8_25A7jrA,Business,Fresco pizzeria
QnAhrSePleZX_Tof5CR3hg,Business,Checkers
YvkadIJ-G9OPpnCOSW2ISg,Business,Le Shio
nvpT3yvXm7fPDZlkzkf2fQ,Business,Taco Bell
SxyKh33vZAUevgqQ5CYGtA,Business,Temptations
bjZQ8Ql0QzlRW6GgdgIytw,Business,Grub Burger Bar
W7IXC4Bq5jXOQVV6Cu1OSA,Business,Wawa
yvVJxONMGqOzO1ouw77J3Q,Business,Constitution Yards
Sm3LFPwOdn975HvcfrqDOw,Business,QDOBA Mexican Eats
86vyH37R2Edv0zKBc1lQyg,Business,King Garden
PXVw9DhzDDtq0TGcsdYsIQ,Business,Cannon's Custom Cakes Bakery
K8kw1ylsCTeEAAOY179feQ,Business,Sbarro
1fwJTdGs4Fsm_mguZX6SFQ,Business,Sweets To You by Ginger
dmj-6zHdO8R76-pdqiV8nw,Business,Popeyes
rXieH75VhdR2pQhf1CWxhQ,Business,Adams’ Rib & Grille
q7J8uBa2o8a1iac_8x741Q,Business,Checkers
u7bo1o8ry-fvb6PbvtZJzQ,Business,Poke Bros
BKlw_Ao7FK01I5j9w_EXwA,Business,Cocina Lolo
EMVKCwf8Ck0XsADY_kCWkw,Business,Wilma's
-L4ZVlzmrVKCs6F7ucgikA,Business,Asnan Sushi Bar & Asian Cuisine
ym3e_a1L4gyKZWU1-LuRYQ,Business,Cosi
a2NKecVY4wof4NGSc4hFXg,Business,European Bistro
iQa7kNO5jMkGeJCJzbCPGg,Business,Nordstrom Ebar Artisan Coffee
i92ouDpINZXfL5gov7I5Kw,Business,Pat's Pizza & Pasta
7U7IgKCBvUqHDoZvmunuAA,Business,McDonald's
OO5oDYrIYlJaoFAFetrW-g,Business,Wawa
V71KzO8mXPK7E8no2FN8sw,Business,McDonald's
2WOZLyI8pRNF5HSl8RAeaQ,Business,Seasons Pizza
lR5MEog_4Xr4Wkw5bEWSNg,Business,Pat's Pizzeria
eunaT5pF5ffyNUm0O8Zcrg,Business,Troy Pizza & Family Restaurant
oC43ya3FFAG256bEXyXm2g,Business,Saladworks
RnF36ZCuwHxpoFXf2aXX1g,Business,Pochi
OQQEhFY3Nvb5_jkmcQQDyw,Business,PrimoHoagies
Z3QKriJ_9J8gIy8C4QzaIw,Business,IHOP
e7eiRgVzH0v3GXDGURgf9A,Business,Sterling Grille
uSRW0_iRB_Ri_qO_fz9VjA,Business,Two Stones Pub
WhQbHbOGtYas5LdNr2OQNQ,Business,Island Fin Poke
giGFpZkRy89cUzgTuyfNGA,Business,Hibachi Sushi and Super Buffet
9kRo0ULH--EDQwI69Shw-w,Business,Alex's Seafood Restaurant & Clam Bar
FN1sLS5hfMydZX94SYD1QA,Business,Claymont Steak Shop
XuH43OxI-NmA5-KbM5auvQ,Business,Harry's Fish Market & Grill
riwJWxj4850tGBhRahDt7g,Business,Sushi Sumo
5c_jYz4IolgGdrJLabSTew,Business,Casapulla's Elsmere Steak & Sub Shop
8hWGADp-m3NzX1-oSXPwPQ,Business,Burger King
Kk9WgsCJEclBbhWXxeL1TQ,Business,Gyro Stop
NsTtjA9ZuJVr6pHApkOXsw,Business,Anthony's Coal Fired Pizza
TB9Oi-HliFy7yycFFzvm9w,Business,Taqueria Rojas
8aZFTAunMPJhv0Zz4jHWGw,Business,Sweeneys Bakery And Ice Cream
OSjSbJEyIkey6tcTgL9y3Q,Business,Happy Fortune Restaurant
T7pfUqFPaxJWLquFePSLcw,Business,Catherine Rooney's
Uz4ezmjEr2SawQL3zRcoZQ,Business,Dom's N.Y. Style Pizzeria
K32hC2muzKilZkUs9RJhcw,Business,Famous Rivera Grill
pe4nl6zFDnoYx9ZaMOl-3w,Business,Capriotti's Sandwich Shop
FrkGJp1WIxpFFT07Qbos5w,Business,The Well Coffeehouse and Marketplace
q2SSz2-nRYWeFG2EoUMuZQ,Business,Santa Fe Mexican Grill - Wilmington
ojmk4fKI4_8ZqRggwlxUpw,Business,Leo & Jimmy's Delicatessen
ELX24jqeRWZbR-Dq6wrnLQ,Business,Crafty Crab
6tQrTyDTs5hWh5e4LlPLCg,Business,McDonald's
tILA8ctsD_OZIcM2IfSyQA,Business,Cafe SiTALY
vRdQizZLDFVh7TA9koOq2Q,Business,Union City Grille
ELgR35KIlpuTMeWi6tFP7g,Business,Mikimotos Japanese Restaurant & Sushi Bar
ifEkf8JxP3RCBeszcIGLww,Business,Scalessa's
VbzoVWEPSfzaIGBq4KlVwQ,Business,Soybean Asian Grille
z9i9Tym7T64lMDg70Ii9hw,Business,Stoney's British Pub
QNoDyRjQTmt2Pt1K4xHW3Q,Business,Wade's
96z5LhtPc2RQgNabJvrCJg,Business,The Spare Rib
kBt6_fX1pZzizIMXDtD7og,Business,New York Bagel Cafe & Deli
zLDQl0CEv3WNSHAB1g8xXg,Business,Hibachi Japanese Steak House
gd15-d7r2joRjkcXywMWUw,Business,LongHorn Steakhouse
JvFDMS5yryf3lDwUPAb6OQ,Business,Skyline Grill
Tr-8_aJ7VgywoRk3sMC4Ww,Business,Ioannoni's Bullroasters
nXZS5W8-4VztBpjYIinpNw,Business,No. 1 China Restaurant
P_1mSczqlosmm4ahM8v6LQ,Business,North Quarter Creole
SRg4QRR7xQrZ6cp9u8VX9g,Business,Potstickers Asian Grill
r6MBlUIS8_U1JINh8HJZTw,Business,Ciao Pizza & Pasta
yCgoR5GRjPXZXpdwHMUqTw,Business,Burger King
Ni1KrIwBlv489_4GTzXGEQ,Business,Atami Grill & Sushi Express
nTIbCcAYMRrzUm29h0dk8Q,Business,DiMeo's Pizza
-M9uwwh6jHbzjHOm2N5fHg,Business,The Legend Restaurant and Bakery
bDFk_io_k-6To1ul3h3tuA,Business,Dunkin'
CZh7ag6mlr-4AMNkiEzHRg,Business,Krispy Krunchy Chicken Pizza Grill
XIBoAKSB52c3BYXnbLpgaA,Business,Oldbanks Bistro
KMxOsLntxetLSVUIf-uG4w,Business,Ed's Hot Dogs
UK-v9kE16bUrifXmzfFxUw,Business,KFC
oCo71AEK7x-CGpzVg56wRA,Business,Kennedy Fried Chicken
aQNDJ0WyuJZK-ZwkZqJq4g,Business,Rays Market
z00F0RSAGimvSU9IrTevOw,Business,McDonald's
W0hyjefq4YWl-uV-Hye5Mw,Business,Fat Rick's BBQ and Catering
MxfQ_HrOBrSPSVk24CAb9A,Business,Jamba
h9tUG_bLdX30YAED9q0Fsg,Business,Claymont Steak Shop
aeZmTIjW5MbEARJC0Ch1rQ,Business,El Salvadoreno
V0ffRTuD2eZkUn6dyZAgRw,Business,Arby's
FNDX_9BaClbnmJyZI0mndQ,Business,Saladworks
YNWEM2NVocUl6d74yRvpug,Business,Golden City Chinese Cuisine
HmeKJIWJaJ7u8V9NhnZIEg,Business,The Simple Greek
bS6aPaOR0X6OH4eFeEeUfw,Business,Krazy Kats Restaurant
MAQ3xsIxI9wbvilPYkvmVQ,Business,Kampo Garden Chinese Food
_PlmFAlaUQHdQN6rli0gzA,Business,Wawa
6X1uRuf4Ykdt0prs_xqz6w,Business,Hong Kong Chinese Food Eat In & Take Out
f3qKagX8q2lnz1O6Ulck7w,Business,PureBread Deli
7L6pFDZN7jR2KqrDuxy-ng,Business,Hooters
wu4zVzAeTIClugvU_X4meA,Business,Bally's Chinese Restaurant
IrD6smDjZM-Rt7B-SJDp4g,Business,China Wok
iR5MI7ch9z3AYiqxBVLJLw,Business,Sullivan's Steakhouse
9zOydjYJlIqsnJYtWDNP-A,Business,Maiale
iWFK7U-wBR-68X0VFrSkNA,Business,Booth House Tavern
9tQG4U90-x7Ha2_Tdg4Xmw,Business,Boston Market
kLWpuSBJ0MGM7XRNlg0EEQ,Business,Mojo Loco
v6AlogsSBf4sxrVHcSnMHQ,Business,Samson's Country Maid
J4zpaa-HozFmRt4hYGlBuw,Business,Arby's
Q6_cM-2YjN10hgfs35Ml6g,Business,Ruby Tuesday Restaurant
lxuRSOi2RCW2yu0HT7GBEQ,Business,Krispy Krunchy Chicken
YIaZeWePIaddftxUoxRh5g,Business,Chuck E. Cheese
UREmwQBCMimpOuFyKPW3xw,Business,Burger King
B5S_5MCYNWvcz0qn6dnTUw,Business,Checkers
P9pwQW2d-M1YgYQH71K-qw,Business,Olympic Subs & Steaks
E-3TJ8yFXpUSv1aThsVfZw,Business,King Garden
nN8plg8HmBSb4c7zdCZALQ,Business,Bull Bay Cuisine
7UFRDoDdwC3_Pt77FzaJfg,Business,Brew Haha!
ZlgwjiDDgsXl_rzR3XYwhw,Business,Dash In
Z53I9xwy0aMRy577GuM1KQ,Business,Kapow Food Truck
ZlOWflwsH8mMtyMlQgYWZw,Business,Nal Restaurant
sSEKLTDGKdvOqevbfoBbiw,Business,Cavanaugh's Restaurant
EXEzZQObGgWlQEHqZs3fLg,Business,Seafood Stop
aAslC0l5mZB8oJNbld0byA,Business,McGlynns Pub
rDy9qZZEq-mbKExVQNTaqQ,Business,Toscana to Go
AaRpbFg8-dazKyKmoh65tQ,Business,Goodfellas Steaks & Subs
_95ZY2UZrasSfuoDD_E1YA,Business,Suki Hana
Pn8fn5d95xGhEd-LADm2zw,Business,Tacos Don Vicente
f5KbR9Ty05qgJvFbMm7fjA,Business,The House of William and Merry
QENmoWh-mSKD8cBaK8lYhw,Business,JB McGinnes Pub and Grille
N9L1B3TD57wyDl7f3Awlcg,Business,KFC
e_OEKGsZEndFkqcVyVb3Rw,Business,Lotsa Pasta Restaurant & Lounge
2O2K6SXPWv56amqxCECd4w,Business,The Plum Pit
